"id","token_id","user_id","name","description","url","image_url","thumbnail_url","status","pod_mint_tx","version","created_at","updated_at","deleted","pdf_url","video_url","private_subnet_id","ban_reason","banned","agent_id","cumulative_down_votes_volume","cumulative_up_votes_volume","pod_validity_epoch"
"cmn9g2usp0001l4043c011sug",10,"did:privy:cmmqq01tq03120djyw0a9c8iq","Cluster bomb video from Israel/Iran exchange","NYT-verified video (March 27, 2026): Two civilians in central Israel narrowly avoid Iranian cluster bomblet explosion. Needs judgment on authenticity and escalation impact.","https://www.instagram.com/p/DWXnp-wjfBb/","","https://files.edgestore.dev/8ga6zo21isn2c9s5/projects/_public/cmmqq02pn0006jp045qmey0wa/Στιγμιότυπο οθόνης 2026-03-27 235020.png","ACTIVE","0xe1c1dbbc5d8f36f45009194e9d6185ee868fe0c517559239d28f0ebf420145ab",1,"2026-03-27 22:00:06.407","2026-04-06 00:59:15.637",False,"","","cmn7yxntf0003lj04jnog1701",NULL,False,NULL,0,2031150,67
"cmn9gc2bi0001js046w34pd28",11,"did:privy:cmmqq01tq03120djyw0a9c8iq","Israel Attacks Arak Plant and Steel Facilities","Reports claim Israeli strikes hit Iran’s Arak heavy-water site and steel plants; smoke observed, Tehran threatens retaliation. Verification needed on accuracy, damage, and Gulf energy risk.","https://www.aljazeera.com/video/newsfeed/2026/3/27/israel-attacks-major-industrial-and-nuclear-sites-in-iran","","https://files.edgestore.dev/8ga6zo21isn2c9s5/projects/_public/cmmqq02pn0006jp045qmey0wa/kapnos.png","ACTIVE","0x0ddc96ad7699df88145d5997c32b6d579a453c586c6e455195c016f6a5ea932b",1,"2026-03-27 22:07:16.158","2026-03-27 22:39:29.095",False,"","","cmn7yxntf0003lj04jnog1701",NULL,False,NULL,0,235905,67
"cmn9gl7x80003js041one6328",12,"did:privy:cmmqq01tq03120djyw0a9c8iq","Hormuz Crisis – Iranian Control & Tanker “Present”","Trump says Iran let ~8 tankers pass.. Mixed signals on Hormuz reopening vs. continued risk.
~20% global oil at stake, informs logistics on de-escalation vs. tactical pause.","https://www.foxnews.com/live-news/us-israel-iran-war-strait-hormuz-updates-march-26","","https://files.edgestore.dev/8ga6zo21isn2c9s5/projects/_public/cmmqq02pn0006jp045qmey0wa/trump.png","ACTIVE","0xf3a296030af0f2fd65900747cac2f735e233625d8c6541b39b79e518d13c2a06",1,"2026-03-27 22:14:23.312","2026-03-27 22:14:40.809",False,"","","cmn7yxntf0003lj04jnog1701",NULL,False,NULL,0,0,67
"cmn9hdoct0005js04nyabkazt",13,"did:privy:cmjcoumd103blig0c1me04s1m","Yemen's Houthi Group ""ready to intervene""","BREAKING: Yemen's Houthi Group, an Iranian ally, says it is ""ready to intervene"" in the Iran War if new allies join the US and Israel or if the Red Sea is used to launch attacks on Iran.","https://x.com/KobeissiLetter/status/2037645268494221618","https://files.edgestore.dev/8ga6zo21isn2c9s5/projects/_public/cmjcouni4000djv045jeymriw/hormuz.png","https://files.edgestore.dev/8ga6zo21isn2c9s5/projects/_public/cmjcouni4000djv045jeymriw/hormuz.png","ACTIVE","0x09529b93d2f34449cb14a90f459b90b4ca46d2294f88d492a188980665c0d34b",1,"2026-03-27 22:36:30.977","2026-03-27 22:37:03.494",False,"","","cmn7yxntf0003lj04jnog1701",NULL,False,NULL,0,0,67
"cmn9plf2k0001kz040cuuizdq",14,"did:privy:cmn85qvi500tk0cjoqmupamco","Hormuz Updates","Earlier Thursday, President Donald Trump confirmed he was placing a hold on strikes against Iran’s energy sector for another 10 days, until April 6.","https://www.foxnews.com/live-news/us-israel-iran-war-strait-hormuz-updates-march-26","","https://files.edgestore.dev/8ga6zo21isn2c9s5/projects/_public/cmn85qwcc0001ju046tceezig/Screenshot 2026-03-28 at 7.55.33 am.png","ACTIVE","0x706e31170485d6a5ac9c54f84f41c5fe8986a9b2cb803c439a177570470755e1",1,"2026-04-18 02:26:29.119","2026-04-28 22:17:53.635",False,"","","cmn7yxntf0003lj04jnog1701",NULL,False,NULL,0,1922477,82
"cmna60umd0001l804s4kwr9gw",18,"did:privy:cmmqq01tq03120djyw0a9c8iq","Houthis Signal Direct Intervention in Iran War","Assess Houthi intervention threats: credibility, chance of Red Sea shipping attacks, effects on oil/LNG flows, insurance costs, Cape rerouting, and compounded risk if Hormuz disruption escalates.","https://www.reuters.com/world/middle-east/yemens-houthis-say-fingers-trigger-us-israeli-war-iran-widens-2026-03-27/","","https://files.edgestore.dev/8ga6zo21isn2c9s5/projects/_public/cmmqq02pn0006jp045qmey0wa/Στιγμιότυπο οθόνης 2026-03-28 120252.png","ACTIVE","0x9599153b0ebee350d3fe2ddc35b549bacfa42a7ef2176331b18fc8ab7111bfd2",1,"2026-03-28 10:06:22.981","2026-03-28 10:08:32.333",False,"","","cmn7yxntf0003lj04jnog1701",NULL,False,NULL,0,0,67
"cmnatwfme0002ld046pgcs3a2",NULL,"did:privy:cmmqq01tq03120djyw0a9c8iq","Pakistan Tankers / Hormuz Assistance Claim","If true, this would be a major diplomatic betrayal and supply-chain shift. ","https://x.com/ArjunThakraan28/status/2037940574205157380","https://files.edgestore.dev/8ga6zo21isn2c9s5/projects/_public/cmmqq02pn0006jp045qmey0wa/Στιγμιότυπο οθόνης 2026-03-28 231045.png","https://files.edgestore.dev/8ga6zo21isn2c9s5/projects/_public/cmmqq02pn0006jp045qmey0wa/Στιγμιότυπο οθόνης 2026-03-28 231045.png","DRAFT",NULL,1,"2026-03-28 21:14:47.689","2026-03-28 21:14:47.689",False,"","","cmn7yxntf0003lj04jnog1701",NULL,False,NULL,0,0,0
"cmnc5edsj0001l004s82qslgn",NULL,"did:privy:cmmqq01tq03120djyw0a9c8iq","Iran Steel & Energy Infrastructure Strikes","Reports of Israeli/American strikes hitting Iran’s steel companies in Isfahan and Khuzestan, with claims of major damage to energy infrastructure.","https://www.nytimes.com/2026/03/27/world/middleeast/iran-strikes-infrastructure-industry.html","","https://files.edgestore.dev/8ga6zo21isn2c9s5/projects/_public/cmmqq02pn0006jp045qmey0wa/659715820_935601462403786_6285612264303568027_n.jpg","DRAFT",NULL,1,"2026-03-29 19:24:27.091","2026-03-29 19:24:27.091",False,"","","cmn7yxntf0003lj04jnog1701",NULL,False,NULL,0,0,0
"cmnc5gxpe0001ks0456iwyuwj",23,"did:privy:cmmqq01tq03120djyw0a9c8iq","Iran Steel & Energy Infrastructure Strikes","Reports of Israeli/American strikes hitting Iran’s steel companies in Isfahan and Khuzestan, with claims of major damage to energy infrastructure.","https://www.nytimes.com/2026/03/27/world/middleeast/iran-strikes-infrastructure-industry.html","","https://files.edgestore.dev/8ga6zo21isn2c9s5/projects/_public/cmmqq02pn0006jp045qmey0wa/659715820_935601462403786_6285612264303568027_n.jpg","ACTIVE","0x854c12670ebfcf987d65bdd3a72d00c20c82ebc4c340f09d9e57e7cd8e174b79",1,"2026-03-29 19:26:26.211","2026-03-29 19:26:37.906",False,"","","cmn7yxntf0003lj04jnog1701",NULL,False,NULL,0,0,68
"cmnc5n1u20003l004u4thnfh0",24,"did:privy:cmmqq01tq03120djyw0a9c8iq","Pakistan Assisting US Tankers Through Hormuz","If true, this would be a major diplomatic shift and supply-chain signal. High potential for misinformation or exaggeration.","https://x.com/Briefly_Stories/status/2037986905405669866","","https://files.edgestore.dev/8ga6zo21isn2c9s5/projects/_public/cmmqq02pn0006jp045qmey0wa/Στιγμιότυπο οθόνης 2026-03-28 231045.png","ACTIVE","0xbea9eadd3545b443c254d5c5bf5049ca5a45c4e1a3e69e28de482e4f87e77ec4",1,"2026-03-29 19:31:11.498","2026-03-29 19:31:21.81",False,"","","cmn7yxntf0003lj04jnog1701",NULL,False,NULL,0,0,68
"cmncaeyuq0001l504eub9qjdo",27,"did:privy:cmmqq01tq03120djyw0a9c8iq","US markets news as a reverse indicator","The post humorously highlights how geopolitical statements from the US, especially around Iran, oil, and US policy, frequently act as contrarian signals for traders.","https://x.com/KobeissiLetter/status/2038353152630542687?s=20","","https://files.edgestore.dev/8ga6zo21isn2c9s5/projects/_public/cmmqq02pn0006jp045qmey0wa/65ac3f4_ftp-1-ti4tten5vjur-5583645-01-06.avif","ACTIVE","0x16e1fa9a08cbc73e541a8f34a0a17db45494675c8c8c42a009c302433980df5c",1,"2026-03-29 21:44:52.466","2026-04-10 21:44:52.213",False,"","","cmn7yxntf0003lj04jnog1701",NULL,False,NULL,0,86360,74
"cmoadjo3f0003l504363m1j7t",NULL,"did:privy:cmnhswiw0001n0bl7oye0xs29","Viral Hooks","cervcrevrverververv","https://linktr.ee/reppofoundation","","","DRAFT",NULL,1,"2026-04-22 18:16:40.635","2026-04-22 18:16:40.635",False,"","","cmn7yxntf0003lj04jnog1701",NULL,False,NULL,0,0,0
"cmnc5wb2g0005l004b8papw8l",25,"did:privy:cmmqq01tq03120djyw0a9c8iq","Israel Struck Iranian Nuclear Site in Natanz","Reports of Israeli strike on Natanz nuclear facility — verified or deepfake/misinfo?","https://www.aljazeera.com/news/2026/3/21/iran-says-us-and-israel-attacked-natanz-nuclear-facility","","","ACTIVE","0xaa936c3cc4502b8edecf9e84dbfbe3266526ef11d03d33be0196d90f64e26b36",1,"2026-03-29 19:38:23.368","2026-03-30 01:06:02.115",False,"","","cmn7yxntf0003lj04jnog1701",NULL,False,NULL,0,2136,68
"cmnc60g420007l00482qshboe",26,"did:privy:cmmqq01tq03120djyw0a9c8iq","China Secretly Supplying Weapons to Hezbollah","Posts alleging China is routing advanced weapons to Hezbollah through Pakistan as part of a larger anti-Israel axis.","https://x.com/Farooqrenzushah/status/2037211206612902220","","https://files.edgestore.dev/8ga6zo21isn2c9s5/projects/_public/cmmqq02pn0006jp045qmey0wa/China-cruise-missiles-AFP-2025.jpg.webp","ACTIVE","0x2f3570770014abd3edd9fb9d72e8c95aa15ffccb7155dc63a8a9b9a48b7798ea",1,"2026-03-29 19:41:36.53","2026-04-22 23:45:38.561",False,"","","cmn7yxntf0003lj04jnog1701",NULL,False,NULL,748623,48660,78
"cmnevv9mz0008jo041rw4xxr6",34,"did:privy:cmmqq01tq03120djyw0a9c8iq","Spain closes airspace to US aircrafts","Major diplomatic rift claim between NATO allies. High potential for exaggeration or false reporting.","https://www.bbc.com/news/articles/cwy368j1e3lo","","https://files.edgestore.dev/8ga6zo21isn2c9s5/projects/_public/cmmqq02pn0006jp045qmey0wa/thumbs_b_c_89cdc8e483a25562c9f45bb6f6a800f3.jpg","ACTIVE","0x0842666e0becc0394f174385a94fffa1450a72c25412585f85627720653cef74",1,"2026-03-31 17:20:57.228","2026-04-01 20:16:35.636",False,"","","cmn7yxntf0003lj04jnog1701",NULL,False,NULL,268,2469,69
"cmnhcf3960001l704dg8ck2d9",41,"did:privy:cmmqq01tq03120djyw0a9c8iq","Iran Hormuz transit offer","Iran says European, Asian, and Arab states can seek transit agreements through Hormuz, excluding the U.S. and allies. Is this a credible policy move affecting shipping, or political signaling?","https://x.com/cryptorover/status/2039551711912575402?s=20","","https://files.edgestore.dev/8ga6zo21isn2c9s5/projects/_public/cmmqq02pn0006jp045qmey0wa/HE3xeIyWAAAhmLq.png","ACTIVE","0x054369f6a95b2cca3e812c895bb17da5523f2c4a9d282e8f7dc11bf33cc4919a",1,"2026-04-02 10:39:48.282","2026-04-14 23:06:55.281",False,"","","cmn7yxntf0003lj04jnog1701",NULL,False,NULL,0,187634,74
"cmng478lu0001jl049rbb5zo9",37,"did:privy:cmmqq01tq03120djyw0a9c8iq","Are We Approaching an Unprecedented Energy Crisis?","Conflict around Iran and potential Hormuz disruption could constrain global oil supply and trigger price spikes. Is this a credible risk or overstated geopolitical speculation?","https://www.reddit.com/r/geopolitics/comments/1s90p9v/are_we_approaching_an_unprecedented_energy_crisis/","","https://files.edgestore.dev/8ga6zo21isn2c9s5/projects/_public/cmmqq02pn0006jp045qmey0wa/images.jpg","ACTIVE","0xc158cfdfbeadb6df4f8ca479a6744e39503de03512cb2aab23dcb0cd99dfb0d4",1,"2026-04-01 14:01:58.866","2026-04-18 22:31:45.63",False,"","","cmn7yxntf0003lj04jnog1701",NULL,False,NULL,0,983343,74
"cmnhwjsw60003l40451ratutj",44,"did:privy:cmmqq01tq03120djyw0a9c8iq","$200 oil risk: realistic or alarmist?","Discussion argues severe supply disruption could push oil toward $200, with major economic impact. Is this a credible risk scenario or exaggerated geopolitical speculation?","https://edition.cnn.com/2026/04/02/business/price-200-oil-gas-iran?cid=ios_app","","https://files.edgestore.dev/8ga6zo21isn2c9s5/projects/_public/cmmqq02pn0006jp045qmey0wa/222.jpg","ACTIVE","0xf9c108e6f1452eb3ffda28304ceabcfffe4df334e6eb2166892cd9e9732d1efc",1,"2026-04-02 20:03:20.454","2026-04-24 22:25:31.254",False,"","","cmn7yxntf0003lj04jnog1701",NULL,False,NULL,0,460365,81
"cmnhw8vbn0001l404jckjtg8z",43,"did:privy:cmmqq01tq03120djyw0a9c8iq","Europe’s Ukraine arsenal: real game changer?","Discussion claims Ukraine has built a defense industry Europe could leverage, potentially shifting the balance. Is this a credible strategic shift or overstated analysis?","https://www.foreignaffairs.com/europes-untapped-arsenal","","https://files.edgestore.dev/8ga6zo21isn2c9s5/projects/_public/cmmqq02pn0006jp045qmey0wa/2026-03-17T134728Z_672953535_RC2R5KAS4ME2_RTRMADP_3_IRAN-CRISIS-UKRAINE-DRONES.JPG.jpg","ACTIVE","0xc83d8f59449354effeb2329bdb68a540592da8aa86e924440c8f33a3676af645",1,"2026-04-02 19:54:50.387","2026-04-18 19:24:12.433",False,"","","cmn7yxntf0003lj04jnog1701",NULL,False,NULL,0,111984,78
"cmng3fe8p0003l804lqnm2efw",36,"did:privy:cmmqq01tq03120djyw0a9c8iq","Trump–NATO shift","Rumors suggest Trump may change U.S. commitments to NATO, including conditional defense guarantees. Some cite sources, others speculation. Are these credible signals or recycled political rhetoric?","https://x.com/Polymarket/status/2039320444394672182?s=20","","https://files.edgestore.dev/8ga6zo21isn2c9s5/projects/_public/cmmqq02pn0006jp045qmey0wa/2026-01-09T214557Z_1028376051_RC2XXIA638FM_RTRMADP_3_USA-TRUMP-768x480.webp","ACTIVE","0x7d175b3e52c6e043a5a281458a37b8513f8a3adc0ebec00c61862fc4cade597b",1,"2026-04-01 13:40:19.802","2026-04-10 21:45:53.369",False,"","","cmn7yxntf0003lj04jnog1701",NULL,False,NULL,30,410471,74
"cmnlx0vzq0007lb04z4jy2d8j",55,"did:privy:cmmqq01tq03120djyw0a9c8iq","Trump defense surge: $7T debt narrative credible?","Analysis claims Trump’s defense expansion could add ~$7T to U.S. debt amid corruption concerns. Is this a credible fiscal risk or exaggerated political framing?","https://www.bankingnews.gr/analyseis-ektheseis/articles/866784/war-economy-backlash-trump-s-defense-surge-could-add-7-trillion-to-us-debt-amid-corruption-concerns","","https://files.edgestore.dev/8ga6zo21isn2c9s5/projects/_public/cmmqq02pn0006jp045qmey0wa/7027a7ddea256e357f229fee5b52d80a_XL.jpg","ACTIVE","0xd22434c4b57790c1de19fc15594d5ebed5e2a01e877e01b0e2d973315c8d27fa",1,"2026-04-05 15:27:42.327","2026-04-18 19:23:56.046",False,"","","cmn7yxntf0003lj04jnog1701",NULL,False,NULL,0,365380,78
"cmo8gnilx0005i604cd9ugsv7",156,"did:privy:cmmqq01tq03120djyw0a9c8iq","Iran is collecting Hormuz tolls in crypto","Tehran set April 9 rule: 12 ships/day, $1/barrel in yuan or crypto. Claim: crypto-settled sanctions evasion is now operationally live, not theoretical.","https://phemex.com/blogs/iran-bitcoin-tolls-ships-strait-of-hormuz","","https://files.edgestore.dev/8ga6zo21isn2c9s5/projects/_public/cmmqq02pn0006jp045qmey0wa/Στιγμιότυπο οθόνης 2026-04-21 130724.png","ACTIVE","0x4fa69609b844c2f8ef14f33267fa8260b633893d4df53e034237f1eb09bcea22",1,"2026-04-21 10:08:06.645","2026-04-21 10:08:16.091",False,"","","cmn7yxntf0003lj04jnog1701",NULL,False,NULL,0,0,79
"cmnhcbkx50001ky04g6omjdnc",40,"did:privy:cmmqq01tq03120djyw0a9c8iq","""Cicada"" COVID variant: real threat or hype?","Claims say a “highly mutated” COVID variant called Cicada is spreading across 25+ U.S. states and 23 countries. Are these reports credible signals of concern or amplified early speculation?","https://x.com/Polymarket/status/2039414493915029971?s=20","","https://files.edgestore.dev/8ga6zo21isn2c9s5/projects/_public/cmmqq02pn0006jp045qmey0wa/eflu53bk_covid-generic_625x300_01_April_26.webp","ACTIVE","0x4d6d2f6b6d9ddb0f4cdf2aaffba47874471588c3384181a6fc49ae56f2c25cee",1,"2026-04-02 10:37:04.554","2026-04-02 23:25:57.411",False,"","","cmn7yxntf0003lj04jnog1701",NULL,False,NULL,0,3538,69
"cmnevrq610006jo04760zv3pb",33,"did:privy:cmmqq01tq03120djyw0a9c8iq","Trump says US has sunk all Iranian ships","Trump stated the U.S. sank 92% of Iran's ships and destroyed 80% of its missile platforms, later claiming 99% of the missile stockpile was neutralized during Operation Epic Fury.","https://www.aa.com.tr/en/americas/trump-says-us-has-sunk-all-iranian-ships-destroyed-most-missile-launch-platforms/3855743","","https://files.edgestore.dev/8ga6zo21isn2c9s5/projects/_public/cmmqq02pn0006jp045qmey0wa/thumbs_b_c_89cdc8e483a25562c9f45bb6f6a800f3.jpg","ACTIVE","0xd211b13364ca34d096eb0bb87c6f8326bddc3d673cbef8520d0c43f6de61d9b2",1,"2026-03-31 17:18:12.011","2026-04-20 22:56:17.945",False,"","","cmn7yxntf0003lj04jnog1701",NULL,False,NULL,0,102682,78
"cmnlwnrfo0001lb04gnn3b4l6",50,"did:privy:cmmqq01tq03120djyw0a9c8iq","Iran unlikely to ease Hormuz pressure?","U.S. intelligence reportedly sees Iran unlikely to loosen control of Hormuz soon. Is this a credible signal of prolonged disruption or negotiation pressure?","https://www.reuters.com/world/middle-east/us-intelligence-warns-iran-unlikely-ease-hormuz-strait-chokehold-soon-sources-2026-04-03/","","https://files.edgestore.dev/8ga6zo21isn2c9s5/projects/_public/cmmqq02pn0006jp045qmey0wa/JPJD5XZ4YJILRC3OO3ABGLOGNM.avif","ACTIVE","0x5ee0175da57219fd238564f4e68cd157d18556c19990ec66f10ec8e1bd5baeac",1,"2026-04-05 15:17:29.877","2026-04-16 13:43:43.985",False,"","","cmn7yxntf0003lj04jnog1701",NULL,False,NULL,0,156694,77
"cmnrytwqs0004i604feyx8xzn",94,"did:privy:cmmqq01tq03120djyw0a9c8iq","Trump asked Netanyahu to scale back Lebanon","Trump asked Bibi to ""low-key it"" in Lebanon during a Wed call. Israel struck a bridge Thursday morning anyway. Like = Israel actually scales back. Dislike = strikes continue unchanged.","https://thehill.com/homenews/administration/5824296-israel-lebanon-strikes-trump-netanyahu/","","https://files.edgestore.dev/8ga6zo21isn2c9s5/projects/_public/cmmqq02pn0006jp045qmey0wa/Στιγμιότυπο οθόνης 2026-04-10 000439.png","ACTIVE","0xd0fc52377829a3deda7ccff577d28dc6e5ec7196d3add5559fbaf8fa91d16114",1,"2026-04-09 21:04:52.982","2026-04-18 19:25:03.601",False,"","","cmn7yxntf0003lj04jnog1701",NULL,False,NULL,0,0,78
"cmnlwqo8x0001js041jkb4cbv",51,"did:privy:cmmqq01tq03120djyw0a9c8iq","Trump threat: escalation or leverage?","Trump warned the U.S. may target Iran infrastructure if Hormuz remains blocked. Is this credible operational escalation or negotiation pressure?","https://www.reuters.com/world/middle-east/trump-says-us-will-target-irans-infrastructure-tuesday-2026-04-05/","","https://files.edgestore.dev/8ga6zo21isn2c9s5/projects/_public/cmmqq02pn0006jp045qmey0wa/Στιγμιότυπο οθόνης 2026-04-05 181940.png","ACTIVE","0xb003f80e4ceab8afe5d7551abcc378fa3672c64f86c88cd4ad97cf67a0b89d43",1,"2026-04-05 15:19:45.729","2026-04-06 05:13:27.13",False,"","","cmn7yxntf0003lj04jnog1701",NULL,False,NULL,0,7346,71
"cmnlwvxlu0003js044y9m6w1h",54,"did:privy:cmmqq01tq03120djyw0a9c8iq","China execution sparking diplomatic tension?","China executed a French national despite criticism from Paris. Is this likely to escalate diplomatic friction or remain contained?","https://www.reuters.com/world/china/china-executes-french-citizen-convicted-drug-trafficking-2026-04-05/","","https://files.edgestore.dev/8ga6zo21isn2c9s5/projects/_public/cmmqq02pn0006jp045qmey0wa/images.jpg","ACTIVE","0xee6a9116f245dc52a1e3aad560b4c7077d7c7a8dee22eb51a44573603f685899",1,"2026-04-05 15:23:51.139","2026-04-06 23:06:02.634",False,"","","cmn7yxntf0003lj04jnog1701",NULL,False,NULL,0,2231,71
"cmnlwselb0003lb04vx2mszib",52,"did:privy:cmmqq01tq03120djyw0a9c8iq","OPEC output hike meaningful?","OPEC+ agreed to raise output modestly, but members may struggle to increase supply. Real market stabilizer or symbolic decision?","https://www.reuters.com/business/energy/opec-debates-theoretical-oil-output-hike-amid-iran-war-paralysis-sources-say-2026-04-05/","","https://files.edgestore.dev/8ga6zo21isn2c9s5/projects/_public/cmmqq02pn0006jp045qmey0wa/1111.png","ACTIVE","0x26210a6d8ce6a4f9734637b59f4a92830547a6891f1104846656dc095dd9715e",1,"2026-04-05 15:21:06.528","2026-04-05 15:21:16.493",False,"","","cmn7yxntf0003lj04jnog1701",NULL,False,NULL,0,0,71
"cmnlwu2ph0005lb04pdia51no",53,"did:privy:cmmqq01tq03120djyw0a9c8iq","EU windfall tax momentum building?","Five EU countries push for energy windfall tax after gas prices surged. Real policy shift or temporary political response?","https://www.investing.com/news/economy-news/five-eu-nations-push-for-energy-windfall-tax-amid-70-gas-price-spike--reuters-4597532","","https://files.edgestore.dev/8ga6zo21isn2c9s5/projects/_public/cmmqq02pn0006jp045qmey0wa/LYNXNPEC2U0WF_L.jpg","ACTIVE","0x57e41a7296a3eacf71b2e9a2fed0c0fb10844e1da279d3c83a936bf848ef4db1",1,"2026-04-05 15:22:24.437","2026-04-05 15:22:34.249",False,"","","cmn7yxntf0003lj04jnog1701",NULL,False,NULL,0,0,71
"cmnyxveep0004js04pctnlm45",113,"did:privy:cmmqq01tq03120djyw0a9c8iq","Chinese tanker defies US Hormuz blockade","A sanctioned Chinese tanker passed through Hormuz despite the US blockade. Like = China keeps defying it. Dislike = isolated incident.","https://www.dailymail.co.uk/news/article-15731223/JD-Vance-threatens-Iran-condemns-regimes-economic-terrorism-Strait-Hormuz-Live-updates.html","","https://files.edgestore.dev/8ga6zo21isn2c9s5/projects/_public/cmmqq02pn0006jp045qmey0wa/hq720.jpg","ACTIVE","0x696d676ee00be59a2ed1b4adf1082fc7aad8e55fcf6e95ef2e3a84da8ef34a8c",1,"2026-04-14 18:12:26.161","2026-04-15 03:14:16.829",False,"","","cmn7yxntf0003lj04jnog1701",NULL,False,NULL,0,44897,76
"cmnmth9rn0001l804yxzq7a9c",58,"did:privy:cmia8hqnt02pil80dezsj72yq","🚨 The World’s Most Dangerous Chokepoint","Markets swing on rumors as the Strait of Hormuz crisis unfolds. Truth isn’t binary anymore, it’s probabilistic, and being wrong costs billions.","https://www.washingtonpost.com/business/2026/04/04/iran-war-global-economy/","https://files.edgestore.dev/8ga6zo21isn2c9s5/projects/_public/cmia8hr140012jo04nuzwnmjp/imrs.webp","https://files.edgestore.dev/8ga6zo21isn2c9s5/projects/_public/cmia8hr140012jo04nuzwnmjp/imrs.webp","ACTIVE","0x164ac0b326acdc0d2a413da95db3362770c88440568614018096c08db5368547",1,"2026-04-06 06:36:14.387","2026-04-06 23:00:27.892",False,"","","cmn7yxntf0003lj04jnog1701",NULL,False,NULL,0,315651,71
"cmnrz5gda000ai6046u0nkzx5",98,"did:privy:cmmqq01tq03120djyw0a9c8iq","CENTCOM says Iran can no longer project power","Adm. Cooper: ""We've clearly accomplished dismantling Iran's ability to project power beyond its borders."" Like = this is accurate. Dislike = propaganda, Iran still has reach.","https://www.timesofisrael.com/liveblog_entry/centcom-chief-says-us-and-israel-eliminated-irans-conventional-military-capability/","","https://files.edgestore.dev/8ga6zo21isn2c9s5/projects/_public/cmmqq02pn0006jp045qmey0wa/images (1).jpg","ACTIVE","0x202629c7dc5e7a2978a23d9c3a7e97a07c8550751fa175aec8f25a0df37061f5",1,"2026-04-09 21:13:51.646","2026-04-10 22:26:00.237",False,"","","cmn7yxntf0003lj04jnog1701",NULL,False,NULL,104380,0,73
"cmnryyj340006i604hnq150s1",95,"did:privy:cmmqq01tq03120djyw0a9c8iq","Pro-Iran AI memes are shaping the narrative","CBS/Cambridge researcher: Iran-linked groups using AI-generated English memes to shape anti-war opinion. Like = this is meaningfully influencing discourse. Dislike = negligible impact.","https://www.euronews.com/2026/04/09/pro-iran-groups-using-ai-to-troll-trump-and-try-to-control-war-narrative-analysts-say","","https://files.edgestore.dev/8ga6zo21isn2c9s5/projects/_public/cmmqq02pn0006jp045qmey0wa/Στιγμιότυπο οθόνης 2026-04-10 000817.png","ACTIVE","0x516c063cb185570ddc8c8a3be27e81ea68b74a86135abd9df8814523033ad9c7",1,"2026-04-09 21:08:28.576","2026-04-18 19:25:22.514",False,"","","cmn7yxntf0003lj04jnog1701",NULL,False,NULL,0,0,78
"cmnqkud180003i804bz8u5km0",88,"did:privy:cmmqq01tq03120djyw0a9c8iq","Iran will keep enrichment rights in deal","Iran's 10 points demand continued enrichment. Trump posted ""there will be no enrichment."" Iran's parliament speaker claims it's already agreed. Like = Iran keeps enriching. Dislike = they give it up.","https://www.timesofisrael.com/trump-iran-wont-enrich-uranium-will-give-up-uranium-stockpile-us-lifting-sanctions/","","https://files.edgestore.dev/8ga6zo21isn2c9s5/projects/_public/cmmqq02pn0006jp045qmey0wa/Στιγμιότυπο οθόνης 2026-04-09 004505.png","ACTIVE","0xef89a15dffb8fa203520c52f5d47873d2f7ed89c4d1f30c529005bd2a23e963c",1,"2026-04-08 21:45:33.308","2026-04-08 21:45:43.482",False,"","","cmn7yxntf0003lj04jnog1701",NULL,False,NULL,0,0,73
"cmocb0jn80003l904xt5whegf",175,"did:privy:cmkl1elrl00gijm0cslt8qrae","Israel - Lebanon Ceasefire extended","Ceasefire between Israel and Libanon will be extended by three weeks!","https://x.com/whitehouse/status/2047429447578529944?s=46&t=BB3yClpewAEb-0nSkA3SzA","https://files.edgestore.dev/8ga6zo21isn2c9s5/projects/_public/cmkl1emld0006l5046j07fpcm/Bildschirmfoto 2026-04-24 um 04.40.39.png","","ACTIVE","0xdc9d444180b6dc19276ed2f9b001ac397d2f1ada899e2c7e9984c37cc3802dcf",1,"2026-04-24 02:41:21.509","2026-04-29 08:09:22.094",False,"","","cmn7yxntf0003lj04jnog1701",NULL,False,NULL,0,9396514,80
"cmnhwnztj0003k104f7klisbi",45,"did:privy:cmmqq01tq03120djyw0a9c8iq","Iran rejecting diplomacy: escalation signal?","Reports say Iran is skeptical of diplomacy during ongoing tensions. Is this a credible sign of escalation or negotiation pressure?","https://www.nytimes.com/2026/04/01/us/politics/trump-iran-war.html","","https://files.edgestore.dev/8ga6zo21isn2c9s5/projects/_public/cmmqq02pn0006jp045qmey0wa/111.png","ACTIVE","0x9f2360633d59fe5bc7b7e26c615a38ce789dafd0b8b462d6bf2c11eb6c74e4f6",1,"2026-04-02 20:06:36.056","2026-04-26 22:24:43.185",False,"","","cmn7yxntf0003lj04jnog1701",NULL,False,NULL,0,1659441,78
"cmnqky3bc0005i8040e9iymnp",89,"did:privy:cmmqq01tq03120djyw0a9c8iq","Islamabad talks produce a real framework","Vance, Witkoff and Kushner heading to Islamabad Saturday. Iran and US positions are contradictory on enrichment, Hormuz control, and sanctions. Like = real progress. Dislike = talks collapse.","https://www.palestinechronicle.com/iran-to-table-10-point-framework-in-islamabad-talks-after-ceasefire-on-its-terms/","","https://files.edgestore.dev/8ga6zo21isn2c9s5/projects/_public/cmmqq02pn0006jp045qmey0wa/1111.jpg","ACTIVE","0xec5bcb853e625236e205c9ef275df0cb338bf0f9731cf93108bb507835f09ae8",1,"2026-04-08 21:48:27.336","2026-04-09 14:17:27.876",False,"","","cmn7yxntf0003lj04jnog1701",NULL,False,NULL,0,100103,73
"cmnql6hrc0005js04vx4evsfl",91,"did:privy:cmmqq01tq03120djyw0a9c8iq","North Korea missile tests are coordinated","Pyongyang launched multiple short-range missiles from Wonsan on Apr 8. Also tested a solid-fuel ICBM engine days before. Like = coordinated with Iran/Russia. Dislike = opportunistic and unrelated.","https://english.aawsat.com/world/5259935-north-korea-fires-multiple-ballistic-missiles-towards-east-sea","","https://files.edgestore.dev/8ga6zo21isn2c9s5/projects/_public/cmmqq02pn0006jp045qmey0wa/images (2).jpg","ACTIVE","0x254e60b11a1e2a56a82b7e3b9483a368ceb304218101470e1ca8078f685eee2d",1,"2026-04-08 21:54:59.304","2026-04-09 14:19:30.11",False,"","","cmn7yxntf0003lj04jnog1701",NULL,False,NULL,0,101621,73
"cmnnl90430001la04dqlaq2f6",60,"did:privy:cmmqq01tq03120djyw0a9c8iq","Iran hits Israel chemical plant: major escalation?","Reports claim Iran struck Israel’s largest chemical facility, raising fears of toxic hazards and escalation. Is this a major operational shift or amplified reporting?","https://www.the-express.com/news/world-news/204211/iran-strikes-israel-plant-after-trump-threat","","https://files.edgestore.dev/8ga6zo21isn2c9s5/projects/_public/cmmqq02pn0006jp045qmey0wa/Στιγμιότυπο οθόνης 2026-04-06 223326.png","ACTIVE","0x2acd62c009760b34dd7bd3703664dac02f9e2bd3c14d887a4f07fc9d0bd2e49f",1,"2026-04-06 19:33:37.876","2026-04-06 22:55:37.514",False,"","","cmn7yxntf0003lj04jnog1701",NULL,False,NULL,0,10330,72
"cmnnlm7we000bju04ad0rao7l",64,"did:privy:cmmqq01tq03120djyw0a9c8iq","EU sanctions rollback gaining traction?","Slovakia urged the EU to reconsider sanctions on Russian oil and gas and restore pipeline flows amid supply disruptions. Is this a real policy shift gaining momentum or isolated pressure?","https://www.aa.com.tr/en/europe/slovakian-premier-urges-eu-to-reconsider-russian-energy-sanctions-amid-supply-crisis/3892112","","https://files.edgestore.dev/8ga6zo21isn2c9s5/projects/_public/cmmqq02pn0006jp045qmey0wa/thumbs_b_c_b2f02d71f4a12ec356bac4a2ce94c635.jpg","ACTIVE","0x4ec83fa2763e9a30e1772a738decfcbadb454620f79d9f0a65e37b71e208991c",1,"2026-04-06 19:43:54.494","2026-04-07 11:10:59.45",False,"","","cmn7yxntf0003lj04jnog1701",NULL,False,NULL,0,124,72
"cmnnl674j0001ju04uirbure2",59,"did:privy:cmmqq01tq03120djyw0a9c8iq","Europe stuck with US: NATO durable?","Analysis argues deep US-Europe economic interdependence will keep NATO intact despite political tensions. Structural constraint or overstated transatlantic dependency?","https://www.foreignaffairs.com/united-states/europe-stuck-america","","https://files.edgestore.dev/8ga6zo21isn2c9s5/projects/_public/cmmqq02pn0006jp045qmey0wa/Στιγμιότυπο οθόνης 2026-04-06 223111.png","ACTIVE","0x213e2c4f162f2bce7cef68899f60904bc98cded471d22114b225f0ccecc31b56",1,"2026-04-06 19:31:26.996","2026-04-18 19:25:44.727",False,"","","cmn7yxntf0003lj04jnog1701",NULL,False,NULL,0,8439,78
"cmnnld5re0003ju04j1v77sfd",61,"did:privy:cmmqq01tq03120djyw0a9c8iq","Russia oil windfall narrative breaking down?","Russia was expected to benefit from soaring oil prices, but export disruptions and infrastructure damage may limit gains. Is the “Russia windfall” narrative still credible?","https://fortune.com/2026/03/29/russia-oil-prices-iran-war-putin-ukrainian-drone-attacks-export-capacity/","","https://files.edgestore.dev/8ga6zo21isn2c9s5/projects/_public/cmmqq02pn0006jp045qmey0wa/Στιγμιότυπο οθόνης 2026-04-06 223639.png","ACTIVE","0x4868c3401134c108210a89249cf77edfcf19c91cf060c98ebba49baec2873b8a",1,"2026-04-06 19:36:51.819","2026-04-06 19:37:02.963",False,"","","cmn7yxntf0003lj04jnog1701",NULL,False,NULL,0,0,72
"cmodgmdxw0001jo04rxdwetk1",176,"did:privy:cmmqq01tq03120djyw0a9c8iq","Venezuela becomes failed state by Q3","4 months post-Maduro extraction, Delcy Rodríguez still acting president, no elections scheduled. Like = state collapses by September. Dislike = stabilization holds.","https://www.thebulwark.com/p/one-month-later-theres-still-no-plan-venezuela-oil-maduro","","https://files.edgestore.dev/8ga6zo21isn2c9s5/projects/_public/cmmqq02pn0006jp045qmey0wa/Στιγμιότυπο οθόνης 2026-04-25 010553.png","ACTIVE","0xa3b01081c89f9642cf28ec5affd59a2a33d1fc9f1e68c12275a7f29b7164da13",1,"2026-04-24 22:06:04.821","2026-04-24 22:06:17.801",False,"","","cmn7yxntf0003lj04jnog1701",NULL,False,NULL,0,0,81
"cmnnms65q0002l004dt75x2i9",65,"did:privy:cmmqq01tq03120djyw0a9c8iq","Citrini: Hormuz “parallel regime” narrative","Field report claims conflict and commercial transit now coexist in Hormuz, with selective passage and unclear disruption signals. Structural shift in shipping dynamics or overstated interpretation?","https://www.citriniresearch.com/p/strait-of-hormuz-a-citrini-field","","https://files.edgestore.dev/8ga6zo21isn2c9s5/projects/_public/cmmqq02pn0006jp045qmey0wa/Στιγμιότυπο οθόνης 2026-04-06 231447.png","ACTIVE","0x43c1f86e84761665015a34b356293f9ceb60cf838fb553668006659039547917",1,"2026-04-06 20:16:31.79","2026-04-16 13:43:26.361",False,"","","cmn7yxntf0003lj04jnog1701",NULL,False,NULL,0,1301349,77
"cmnnlf5ba0006ju04hui22gwf",62,"did:privy:cmmqq01tq03120djyw0a9c8iq","Iran regime stability narrative credible?","Analysis suggests Iran’s leadership may survive politically but face weakening internal cohesion and legitimacy. Structural vulnerability or speculative regime-change narrative?","https://fortune.com/2026/04/05/iran-economy-postwar-reconstruction-regime-survival-sanctions-relief-irgc/","","https://files.edgestore.dev/8ga6zo21isn2c9s5/projects/_public/cmmqq02pn0006jp045qmey0wa/Στιγμιότυπο οθόνης 2026-04-06 223814.png","ACTIVE","0x46fa6ce315fd036ae6c3b3376b20d7d34f0b02ba99d7a59ca23d63414dd89dd0",1,"2026-04-06 19:38:24.551","2026-04-06 19:38:35.039",False,"","","cmn7yxntf0003lj04jnog1701",NULL,False,NULL,0,0,72
"cmnnlhdmv0009ju04huli6z1d",63,"did:privy:cmmqq01tq03120djyw0a9c8iq","US-China summit easing tensions?","A planned Trump–Xi summit may reshape tariffs, tech controls, and rare-earth disputes. Breakthrough opportunity or symbolic diplomacy with limited change?","https://www.reuters.com/world/china/trumps-trade-war-with-china-focus-ahead-may-summit-2026-04-06/","","https://files.edgestore.dev/8ga6zo21isn2c9s5/projects/_public/cmmqq02pn0006jp045qmey0wa/Στιγμιότυπο οθόνης 2026-04-06 223957.png","ACTIVE","0x11609f596216feb7792c4b2a395a109c362c7dd52b0f40937b5f503f428d2f20",1,"2026-04-06 19:40:08.565","2026-04-06 22:54:42.057",False,"","","cmn7yxntf0003lj04jnog1701",NULL,False,NULL,0,9700,72
"cmntjxzdx0003js04qdv4ykvl",99,"did:privy:cmmqq01tq03120djyw0a9c8iq","Pakistan escorted Iran delegation with J-10Cs","Reports claim PAF deployed J-10C fighters, Erieye AWACS and EW aircraft to shield Iran's delegation from Israeli interception en route to Islamabad. Like = it happened. Dislike = unverified hype.","https://defencesecurityasia.com/en/pakistan-secret-air-shield-j10c-erieye-awacs-ew-aircraft-escort-iranian-delegation-fears-israeli-strike/#google_vignette","","https://files.edgestore.dev/8ga6zo21isn2c9s5/projects/_public/cmmqq02pn0006jp045qmey0wa/Στιγμιότυπο οθόνης 2026-04-11 024328.png","ACTIVE","0xce7dbcf5b273feacfe94170b2b0e116e8c4baf1f756ebd2cdd72f0426c9f27ab",1,"2026-04-10 23:43:41.157","2026-04-12 13:38:15.561",False,"","","cmn7yxntf0003lj04jnog1701",NULL,False,NULL,0,100103,74
"cmnyy33ey0007js04tetah9b3",114,"did:privy:cmmqq01tq03120djyw0a9c8iq","Iran declares permanent Hormuz control","ran announced a ""permanent mechanism"" to control Hormuz. Pre-war free navigation ""will never return."" Like = Iran holds this position long-term. Dislike = negotiating tactic.","https://www.newarab.com/news/us-begins-naval-blockade-iran-israel-surrounds-bint-jbeil","","https://files.edgestore.dev/8ga6zo21isn2c9s5/projects/_public/cmmqq02pn0006jp045qmey0wa/11111111111111.jpg","ACTIVE","0x44aaae531dfeed4468e64443a35516043bd3855bd708779d052e9ae3d2f63a2e",1,"2026-04-14 18:18:25.163","2026-04-14 18:18:39.133",False,"","","cmn7yxntf0003lj04jnog1701",NULL,False,NULL,0,0,76
"cmntk07y30005js04pgfszogi",100,"did:privy:cmmqq01tq03120djyw0a9c8iq","Iran war proves US can handle China too","Foreign Affairs argues US air defense success against Iran's 2,500+ missiles means pessimistic Taiwan scenarios must be reassessed. Like = US capability transfers to China. Dislike = Iran ≠ China.","https://www.foreignaffairs.com/iran/iran-wars-real-lessons-china","","https://files.edgestore.dev/8ga6zo21isn2c9s5/projects/_public/cmmqq02pn0006jp045qmey0wa/Στιγμιότυπο οθόνης 2026-04-11 024508.png","ACTIVE","0xb7e62e4f0ba29cca3f1ea6cb2b572ff880f85c96a086defffe28b3e06df92b32",1,"2026-04-10 23:45:25.563","2026-04-10 23:45:35.617",False,"","","cmn7yxntf0003lj04jnog1701",NULL,False,NULL,0,0,74
"cmntk5c0h000djv04de7067r0",102,"did:privy:cmmqq01tq03120djyw0a9c8iq","Ukraine's defense industry reshapes Europe","Ukraine produced 4M drones in 2025, targeting 7M in 2026. $50B production capacity. Pentagon buying Ukrainian interceptor drones. Like = game changer for NATO. Dislike = overhyped.","https://fortune.com/2026/04/10/ukraine-drone-warfare-defense-industrial-base-russia-invastion-us-israel-iran-war-david-petraeus/","","https://files.edgestore.dev/8ga6zo21isn2c9s5/projects/_public/cmmqq02pn0006jp045qmey0wa/Στιγμιότυπο οθόνης 2026-04-11 024912.png","ACTIVE","0x5a23ab0cdd63a5f0c84ea1c235f534604c72042b26916891cbd4213fd71f39ac",1,"2026-04-10 23:49:24.114","2026-04-10 23:49:34.346",False,"","","cmn7yxntf0003lj04jnog1701",NULL,False,NULL,0,0,74
"cmnp7re4d0001l504v0dh07r4",77,"did:privy:cmmqq01tq03120djyw0a9c8iq","US-Iran deal tonight: credible breakthrough?","CNN-cited source says a US-Iran deal may be finalized tonight after mediation efforts. Is this a credible diplomatic breakthrough or premature negotiation speculation?","https://www.rnz.co.nz/news/world/591744/live-donald-trump-agrees-to-two-week-ceasefire-in-iran-hours-before-deadline","","https://files.edgestore.dev/8ga6zo21isn2c9s5/projects/_public/cmmqq02pn0006jp045qmey0wa/HFVXBOia8AI4H7D.jpg","ACTIVE","0xf26a7be8a72db20caacb57470547432793e08bbffdadb7ed845e682894b7a6ea",1,"2026-04-07 22:51:33.565","2026-04-11 07:38:13.317",False,"","","cmn7yxntf0003lj04jnog1701",NULL,False,NULL,305524,496478,72
"cmnqk3xy00002lb04xb6qlw47",NULL,"did:privy:cmmqq01tq03120djyw0a9c8iq","Hormuz re-closed hours into ceasefire","Iran halted oil tanker traffic through Hormuz after Israel struck Lebanon. Only 2 tankers crossed since the ceasefire. Is Iran using Lebanon as pretext to renegotiate the whole deal?","https://edition.cnn.com/2026/04/08/world/live-news/iran-war-trump-us-ceasefire","","https://files.edgestore.dev/8ga6zo21isn2c9s5/projects/_public/cmmqq02pn0006jp045qmey0wa/images.jpg","DRAFT",NULL,1,"2026-04-08 21:25:00.683","2026-04-08 21:25:00.683",False,"","","cmn7yxntf0003lj04jnog1701",NULL,False,NULL,0,0,0
"cmnp7mr6g0001kz04i21qp1ff",76,"did:privy:cmmqq01tq03120djyw0a9c8iq","Panama Canal surge replacing Hormuz route?","Hormuz disruption is reportedly increasing tanker use of the Panama Canal. Structural rerouting of global oil flows or temporary crisis adjustment?","https://www.lloydslist.com/LL1156845/Hormuz-crisis-spurs-surge-in-Panama-Canal-tanker-transits","","https://files.edgestore.dev/8ga6zo21isn2c9s5/projects/_public/cmmqq02pn0006jp045qmey0wa/Product tanker in the Panama Canal.png","ACTIVE","0xfbd28d5161b3e8b863f264b9d02ea731c711e8662ea5d34ed53d0484d39823cf",1,"2026-04-07 22:47:57.208","2026-04-18 19:26:13.58",False,"","","cmn7yxntf0003lj04jnog1701",NULL,False,NULL,0,0,78
"cmnp79w7u0001kz04urtdrvu7",75,"did:privy:cmmqq01tq03120djyw0a9c8iq","Trump strike threat: credible escalation?","Trump warned Iran a “whole civilization” could be destroyed if demands aren’t met. Is this credible imminent escalation or extreme pressure rhetoric?","https://www.independent.co.uk/news/world/americas/us-politics/trump-iran-strike-threat-tonight-b2952978.html","","https://files.edgestore.dev/8ga6zo21isn2c9s5/projects/_public/cmmqq02pn0006jp045qmey0wa/Στιγμιότυπο οθόνης 2026-04-08 013747.png","ACTIVE","0xbe743d10042d2ddc664406048da50ad0ac0d7e98e1a3c3829053120898a86f7f",1,"2026-04-07 22:37:57.211","2026-04-07 22:38:07.845",False,"","","cmn7yxntf0003lj04jnog1701",NULL,False,NULL,0,0,72
"cmnryjeyk0002i60495xd0joi",92,"did:privy:cmmqq01tq03120djyw0a9c8iq","Israel-Lebanon direct talks will happen","Netanyahu says he instructed cabinet to begin direct talks with Lebanon on Hezbollah disarmament. Lebanon says ""no negotiations under fire."" Like = talks happen. Dislike = dead on arrival.","https://www.aljazeera.com/news/2026/4/9/israels-netanyahu-ready-for-talks-with-lebanon-as-soon-as-possible","","https://files.edgestore.dev/8ga6zo21isn2c9s5/projects/_public/cmmqq02pn0006jp045qmey0wa/Στιγμιότυπο οθόνης 2026-04-09 235633.png","ACTIVE","0x422f8a069f6b35675aa1a0605778524e7b6a2eb9c4687adf3652ac0b4f9709c6",1,"2026-04-09 20:56:43.388","2026-04-09 20:56:55.693",False,"","","cmn7yxntf0003lj04jnog1701",NULL,False,NULL,0,0,73
"cmnp86xw30003kz043wfcegjq",78,"did:privy:cmmqq01tq03120djyw0a9c8iq","US–Iran ceasefire: real breakthrough?","A temporary ceasefire proposal and two-week bombing pause are under discussion, with mediation underway and conditions still disputed. Will this last or fragile negotiation moment?","https://edition.cnn.com/2026/04/07/world/live-news/iran-war-trump-us-israel","","https://files.edgestore.dev/8ga6zo21isn2c9s5/projects/_public/cmmqq02pn0006jp045qmey0wa/Στιγμιότυπο οθόνης 2026-04-08 020328.png","ACTIVE","0xa247b31ac8c93f7e0eb38e4d8308afb8b58130d24b7aaf74f6612c164c58736c",1,"2026-04-07 23:03:39.027","2026-04-13 01:02:46.514",False,"","","cmn7yxntf0003lj04jnog1701",NULL,False,NULL,32,1767436,72
"cmntk364o000bjv04bo0kbsy4",101,"did:privy:cmmqq01tq03120djyw0a9c8iq","China is winning more from Iran war than Iran","China using the war as a live-fire lab, tracking US tactics, testing missile tech via Iran, draining US interceptor stockpiles. Like = China is the real winner. Dislike = overstated.","https://www.foreignaffairs.com/iran/iran-wars-real-lessons-china","","https://files.edgestore.dev/8ga6zo21isn2c9s5/projects/_public/cmmqq02pn0006jp045qmey0wa/Στιγμιότυπο οθόνης 2026-04-11 024508.png","ACTIVE","0x9eb3c327f281da64535165da91bedf8f301a5b1c27ac638b95275da9111fa821",1,"2026-04-10 23:47:43.163","2026-04-13 00:55:54.5",False,"","","cmn7yxntf0003lj04jnog1701",NULL,False,NULL,0,319115,74
"cmnqklp2g0001le04rhyqeee0",85,"did:privy:cmmqq01tq03120djyw0a9c8iq","Lebanon: included or excluded from truce?","Pakistan says the ceasefire covers Lebanon. Netanyahu says it doesn't. Israel struck 100 targets in 10 minutes, killing 254. Upvote = Lebanon IS included. Downvote = it's not.","https://www.aljazeera.com/news/2026/4/8/trump-says-lebanon-not-included-in-us-iran-ceasefire-amid-israeli-assault","","https://files.edgestore.dev/8ga6zo21isn2c9s5/projects/_public/cmmqq02pn0006jp045qmey0wa/Στιγμιότυπο οθόνης 2026-04-09 003737.png","ACTIVE","0x371d5adbae208720ee90ce42a8848877428cea7a2a7a277fb8110d7032e176f2",1,"2026-04-08 21:38:49.001","2026-04-08 21:38:59.975",False,"","","cmn7yxntf0003lj04jnog1701",NULL,False,NULL,0,0,73
"cmnql2rj40003js04r627sj7e",90,"did:privy:cmmqq01tq03120djyw0a9c8iq","Oil markets are wrong about the ceasefire","Brent crashed 16% on ceasefire news. But Hormuz already re-blocked, ceasefire terms contradictory, and Lebanon is being bombed. Like = markets mispricing. Dislike = rally justified.","https://www.cbsnews.com/news/stock-market-dow-oil-prices-iran-ceasefire/","","https://files.edgestore.dev/8ga6zo21isn2c9s5/projects/_public/cmmqq02pn0006jp045qmey0wa/Στιγμιότυπο οθόνης 2026-04-09 005113.png","ACTIVE","0x0f1ab718f83fa7c1ec33107ce0a920a3107c104b8a0e460df9576420d53e2292",1,"2026-04-08 21:52:05.344","2026-04-09 14:20:17.335",False,"","","cmn7yxntf0003lj04jnog1701",NULL,False,NULL,0,101621,73
"cmnqke16h0001jp04o8l913t7",84,"did:privy:cmmqq01tq03120djyw0a9c8iq","Hormuz re-closed hours into ceasefire","Iran halted oil tanker traffic through Hormuz after Israel struck Lebanon. Only 2 tankers crossed since the ceasefire. Is Iran using Lebanon as pretext to renegotiate the whole deal?","https://edition.cnn.com/2026/04/08/world/live-news/iran-war-trump-us-ceasefire","","https://files.edgestore.dev/8ga6zo21isn2c9s5/projects/_public/cmmqq02pn0006jp045qmey0wa/images.jpg","ACTIVE","0x883ba20505103bc5b56fd064ce9b50cec5170e485b816eef5daa86f9cf11cced",1,"2026-04-08 21:32:51.34","2026-04-08 21:33:10.628",False,"","","cmn7yxntf0003lj04jnog1701",NULL,False,NULL,0,0,73
"cmnqkor640001js04bhijon0l",86,"did:privy:cmmqq01tq03120djyw0a9c8iq","Lavan refinery strike was Israeli","Iran's Lavan oil refinery hit hours into ceasefire. IRGC shot down a Hermes 900 drone over Fars. US denies it. Israel denies it. Like = Israel did it. Dislike = someone else or false flag.","https://www.reuters.com/business/energy/iranian-oil-refining-company-confirms-attack-lavan-refinery-shana-reports-2026-04-08/","","https://files.edgestore.dev/8ga6zo21isn2c9s5/projects/_public/cmmqq02pn0006jp045qmey0wa/5CBZFE2CLJMCZBDDM57R3AM6XU.avif","ACTIVE","0x823368f284b9035d3b0fcd70b6b3f7e268f47d22ceaada2ff7e767d8e056f937",1,"2026-04-08 21:41:11.677","2026-04-08 21:41:21.596",False,"","","cmn7yxntf0003lj04jnog1701",NULL,False,NULL,0,0,73
"cmnqkreqn0001i804j6kc10pc",87,"did:privy:cmmqq01tq03120djyw0a9c8iq","Trump won the Iran ceasefire negotiation","Trump says he exceeded all military objectives and chose mercy. Iran says the US accepted its 10-point framework. Like = Trump got the better deal. Dislike = Iran did.","https://www.bbc.com/news/articles/ce84z6y3ke4o","","https://files.edgestore.dev/8ga6zo21isn2c9s5/projects/_public/cmmqq02pn0006jp045qmey0wa/images (1).jpg","ACTIVE","0x0ac39241ef769cd5a6af0a0b8fbbded08da08e3c95b12a1709f78fb4e00ea6db",1,"2026-04-08 21:43:15.551","2026-04-08 21:43:25.881",False,"","","cmn7yxntf0003lj04jnog1701",NULL,False,NULL,0,0,73
"cmnrz06on0003jv04rg4lzsrh",96,"did:privy:cmmqq01tq03120djyw0a9c8iq","Trump believes China got Iran to negotiate","Trump told reporters he believes China pressured Iran into the ceasefire. No official confirmation from Beijing. Like = China played a real backroom role. Dislike = Trump is spinning.","https://www.reuters.com/world/china/trump-says-he-believes-china-got-iran-negotiate-afp-reports-2026-04-08/","","https://files.edgestore.dev/8ga6zo21isn2c9s5/projects/_public/cmmqq02pn0006jp045qmey0wa/EXFNC7XM25N3JHSLOTPX6ZNJ74.avif","ACTIVE","0x59a68a0d44c6fa06981811958f49844720ff097a98281dbb75340adcce249e1b",1,"2026-04-09 21:09:45.815","2026-04-09 21:09:57.124",False,"","","cmn7yxntf0003lj04jnog1701",NULL,False,NULL,0,0,73
"cmnrz2t7w0008i604ukciba4u",97,"did:privy:cmmqq01tq03120djyw0a9c8iq","IDF underestimated Hezbollah's strength","IDF admitted it underestimated Hezbollah's capability and the Lebanon war may be prolonged. 411 IDF wounded, 27 seriously. Like = Hezbollah is stronger than reported. Dislike = Israel is winning.","https://www.newarab.com/news/israel-army-says-it-underestimated-hezbollah-iran-capabilities","","https://files.edgestore.dev/8ga6zo21isn2c9s5/projects/_public/cmmqq02pn0006jp045qmey0wa/GettyImages-2268779652.jpg","ACTIVE","0xdf8341a59307b8c1298b1724610d661f7ec5c7def54049fd85dcec1bd24aeab4",1,"2026-04-09 21:11:48.32","2026-04-09 21:11:59.953",False,"","","cmn7yxntf0003lj04jnog1701",NULL,False,NULL,0,0,73
"cmnryofpc0001jv04zyoy9gmp",93,"did:privy:cmmqq01tq03120djyw0a9c8iq","Oil back above $100 before Saturday talks","Oil bounced back toward $100 Thursday after crashing 16% Wednesday. Physical oil at record premiums. Hormuz still blocked. Like = oil breaks $100 again. Dislike = stays under.","https://www.bloomberg.com/energy","","https://files.edgestore.dev/8ga6zo21isn2c9s5/projects/_public/cmmqq02pn0006jp045qmey0wa/images.jpg","ACTIVE","0x051e686eff722e87f0dc169b75152de68e2da9e778a1aacde055cf1e538ca10f",1,"2026-04-09 21:00:37.617","2026-04-12 15:33:12.808",False,"","","cmn7yxntf0003lj04jnog1701",NULL,False,NULL,31166,0,73
"cmntk7n3n000fjv049tz4isn4",103,"did:privy:cmmqq01tq03120djyw0a9c8iq","Orbán loses Hungary election Sunday","Tisza leads Fidesz 56-37% in latest polls. Magyar broke from Fidesz over pedophilia pardon scandal. Vance flew to Budapest to rally support. Like = Orbán loses. Dislike = he survives.","https://www.theatlantic.com/politics/2026/04/viktor-orban-hungary-election-magyar/686732/?utm_source=reddit&utm_campaign=the-atlantic&utm_medium=social&utm_content=edit-promo","","https://files.edgestore.dev/8ga6zo21isn2c9s5/projects/_public/cmmqq02pn0006jp045qmey0wa/Στιγμιότυπο οθόνης 2026-04-11 025055.png","ACTIVE","0x5ea0d4e8659467aaff14c754d0c840d5e05e098db2f2f55dd0f152cb60577b2c",1,"2026-04-10 23:51:11.795","2026-04-13 03:45:56.207",False,"","","cmn7yxntf0003lj04jnog1701",NULL,False,NULL,0,593056,74
"cmodgozeo0001ie042t6dcnc2",177,"did:privy:cmmqq01tq03120djyw0a9c8iq","China is the world's first electrostate","TIME Top 10 Risks: China mastered the ""electric stack"" — EVs, drones, batteries, AI infra. US ceded it. Like = China wins 21st-century energy/AI buildout. Dislike = US still controls models.","https://www.cigionline.org/articles/how-china-became-the-worlds-first-electrostate-and-what-canada-can-learn-from-the-far-east/","","https://files.edgestore.dev/8ga6zo21isn2c9s5/projects/_public/cmmqq02pn0006jp045qmey0wa/Στιγμιότυπο οθόνης 2026-04-25 010754.png","ACTIVE","0xa299986634009d4a86e00705e25e62ce07ccb3bb4eadfe173b67e1e49d45163c",1,"2026-04-24 22:08:05.952","2026-04-24 22:08:15.683",False,"","","cmn7yxntf0003lj04jnog1701",NULL,False,NULL,0,0,81
"cmnyya4sm0001l904wnmu3fdb",115,"did:privy:cmmqq01tq03120djyw0a9c8iq","Carney wins Canadian majority government","Mark Carney's Liberals won a majority,14th PM in Canadian history to do so. Comes amid anti-Trump sentiment and trade war. Like = reshapes US-Canada relations. Dislike = changes little.","https://www.theguardian.com/world/2026/apr/14/canada-special-election-results-pm-mark-carney-majority-government","","https://files.edgestore.dev/8ga6zo21isn2c9s5/projects/_public/cmmqq02pn0006jp045qmey0wa/2500.avif","ACTIVE","0x6bdf3dbe6dfc72b74a9888c9b97ada89c821cc16902773ce7e5fcf15996cad3d",1,"2026-04-14 18:23:53.53","2026-04-14 18:24:05.343",False,"","","cmn7yxntf0003lj04jnog1701",NULL,False,NULL,0,0,76
"cmnwxxa3q0002l1040wgqw6fn",105,"did:privy:cmmqq01tq03120djyw0a9c8iq","US naval blockade of Iran actually happens","Trump ordered the Navy to blockade all ships entering or leaving Hormuz, destroy Iranian mines, and interdict vessels that paid Iran tolls. Like = blockade is enforced. Dislike = bluff or partial.","https://www.npr.org/2026/04/12/nx-s1-5782538/u-s-iran-peace-talks-islamabad-collapse","","https://files.edgestore.dev/8ga6zo21isn2c9s5/projects/_public/cmmqq02pn0006jp045qmey0wa/Στιγμιότυπο οθόνης 2026-04-13 113812.png","ACTIVE","0x99a1cb8aa0fa4e02b64a02110cafe4dbcc576017c833fb1b211a6313df5f4812",1,"2026-04-13 08:38:21.543","2026-04-13 08:38:34.038",False,"","","cmn7yxntf0003lj04jnog1701",NULL,False,NULL,0,0,75
"cmnwxzzfm0001i504w0g6i4kn",106,"did:privy:cmmqq01tq03120djyw0a9c8iq","Iran talks failed over nuclear — not Hormuz","Vance says Iran refused to commit to no nuclear weapons. Iran says US ""excessive demands"" killed the deal. Like = nuclear was the real blocker. Dislike = Hormuz/Lebanon was.","https://time.com/article/2026/04/13/iran-US-peace-talks-islamabad-war-nuclear/","","https://files.edgestore.dev/8ga6zo21isn2c9s5/projects/_public/cmmqq02pn0006jp045qmey0wa/Στιγμιότυπο οθόνης 2026-04-13 114006.png","ACTIVE","0x13f396a2b0072ae65cb589ed200e78e1ed485aaa5c755799d7a4aaedfae5ec4b",1,"2026-04-13 08:40:27.682","2026-04-20 14:35:22.808",False,"","","cmn7yxntf0003lj04jnog1701",NULL,False,NULL,21992,2347349,75
"cmnwylw1q0004l10495zv8bno",108,"did:privy:cmmqq01tq03120djyw0a9c8iq","Hungary election reshapes EU Ukraine policy","Orbán blocked EU loans to Kyiv and vetoed support. Magyar's Tisza promises to unlock frozen EU funds and realign with Brussels. Like = meaningful EU policy shift. Dislike = Hungary stays cautious.","https://www.nytimes.com/2026/04/13/world/europe/hungary-eu-orban-magyar.html","","https://files.edgestore.dev/8ga6zo21isn2c9s5/projects/_public/cmmqq02pn0006jp045qmey0wa/534525.jpg","ACTIVE","0xac76024348d37a39324a69a866c2c573047cb0e16568fc6307d587ee885bb788",1,"2026-04-13 08:57:29.726","2026-04-14 19:21:03.409",False,"","","cmn7yxntf0003lj04jnog1701",NULL,False,NULL,0,416914,75
"cmnyyl0gz0003l904m6ynubpw",116,"did:privy:cmmqq01tq03120djyw0a9c8iq","Spain calls blockade ""makes no sense""","Spain's defense minister called the blockade a ""downward spiral."" UK won't join blockade. NATO allies still refusing Trump's war. Like = NATO split deepens. Dislike = allies quietly fall in line.","https://www.dawn.com/news/1991313","","https://files.edgestore.dev/8ga6zo21isn2c9s5/projects/_public/cmmqq02pn0006jp045qmey0wa/444444444.jpg","ACTIVE","0x52bbd8f3112a19ebc8c591703236af07f5e63e1c323a5c625e8f4a07d1d7cb43",1,"2026-04-14 18:32:21.155","2026-04-14 23:07:37.005",False,"","","cmn7yxntf0003lj04jnog1701",NULL,False,NULL,0,66538,76
"cmnwy3af40003i504a52gyga6",107,"did:privy:cmmqq01tq03120djyw0a9c8iq","Ceasefire collapses before April 22 expiry","21-hour Islamabad talks ended with no deal, no next round scheduled. Trump ordered blockade. Iran says US must ""earn our trust."" Ceasefire expires Apr 22. Like =  Collapses. Dislike = extended.","https://www.france24.com/en/middle-east/20260412-us-and-iran-fail-to-reach-a-deal-after-peace-talks-in-islamabad","","https://files.edgestore.dev/8ga6zo21isn2c9s5/projects/_public/cmmqq02pn0006jp045qmey0wa/Στιγμιότυπο οθόνης 2026-04-13 114250.png","ACTIVE","0x061772506b729e25b1d55e8e8abde3642c73d7398ee950a5a3f5b9f1d2f72abc",1,"2026-04-13 08:43:01.888","2026-04-13 14:00:08.889",False,"","","cmn7yxntf0003lj04jnog1701",NULL,False,NULL,3520,0,75
"cmnzz4qiq0003jy040ksuzok7",118,"did:privy:cmmqq01tq03120djyw0a9c8iq","CENTCOM: Iran sea trade ""completely halted""","CENTCOM commander says blockade halted 90% of Iran's seaborne economy in 36 hours. 15 US warships including a carrier enforcing. Like = blockade is airtight. Dislike = ships are still getting through.","https://www.aljazeera.com/economy/2026/4/15/us-military-says-blockade-of-iran-ports-completely-halts-economic-trade","","https://files.edgestore.dev/8ga6zo21isn2c9s5/projects/_public/cmmqq02pn0006jp045qmey0wa/12.jpg","ACTIVE","0x69ed48a1a4ae57c67a0f251a6c0b42cf5266aca598bff634086ff7d376498aa1",1,"2026-04-15 11:35:27.554","2026-04-15 11:36:01.331",False,"","","cmn7yxntf0003lj04jnog1701",NULL,False,NULL,0,0,76
"cmnzzp2dj000bjy04f8khsgxi",124,"did:privy:cmmqq01tq03120djyw0a9c8iq","Iran's AI propaganda memes are working","Iran's embassy posted AI video of Trump singing about Hormuz, plus other memes. Cambridge researcher flagged AI meme campaigns last week. Like = meaningfully shaping narrative. Dislike = no impact.","https://www.bbc.com/news/articles/cjd8jrd1vnyo","","https://files.edgestore.dev/8ga6zo21isn2c9s5/projects/_public/cmmqq02pn0006jp045qmey0wa/Στιγμιότυπο οθόνης 2026-04-15 145054.png","ACTIVE","0x2afe4393eb748bebdc52dd24d825ccafd31185e28a247c8511b766db9256e648",1,"2026-04-15 11:51:16.025","2026-04-18 21:06:17.106",False,"","","cmn7yxntf0003lj04jnog1701",NULL,False,NULL,2965,0,76
"cmnzz7dog0005jy046lfr17xe",119,"did:privy:cmmqq01tq03120djyw0a9c8iq","Round 2 talks happen within 48 hours","Trump told NY Post ""something could be happening over the next two days"" in Islamabad. Vance expected to lead again. Like = talks resume by Thursday. Dislike = no meeting.","https://www.yahoo.com/news/articles/efforts-underway-second-round-us-123201731.html","","https://files.edgestore.dev/8ga6zo21isn2c9s5/projects/_public/cmmqq02pn0006jp045qmey0wa/123.jpg","ACTIVE","0x247d84453b8f35e651dee6679cb431a6652f3af69d5fa26cd1586de846331db1",1,"2026-04-15 11:37:30.88","2026-04-15 11:37:41.451",False,"","","cmn7yxntf0003lj04jnog1701",NULL,False,NULL,0,0,76
"cmnzzc0ij0007jy04fce3uga3",120,"did:privy:cmmqq01tq03120djyw0a9c8iq","Israel-Lebanon talks produce a framework","First Israel-Lebanon talks since 1993 held in DC. Agreed to ""launch negotiations."" But Hezbollah fired rockets at 11 Israeli towns later. Like = framework holds. Dislike = Hezbollah torpedoes it.","https://www.ynetnews.com/article/b1z00vkn3we","","https://files.edgestore.dev/8ga6zo21isn2c9s5/projects/_public/cmmqq02pn0006jp045qmey0wa/SJbRFJgnhbe_0_0_1600_900_0_x-large.avif","ACTIVE","0xb6b6af1c15f5e8ddaf37ad92208c3c3fe4e82536a87b370381c12a30194d9acd",1,"2026-04-15 11:41:07.086","2026-04-15 11:41:17.82",False,"","","cmn7yxntf0003lj04jnog1701",NULL,False,NULL,0,0,76
"cmodh9yby0003jo04sm756j42",178,"did:privy:cmmqq01tq03120djyw0a9c8iq","EU breaks with US over Iran by June","France/Italy already blocked US military flights for Iran ops. Spain closed airspace. Germany rejected Pahlavi. Like = formal EU break by June. Dislike = alliance holds.","https://www.euronews.com/2026/04/24/pentagon-email-floats-punishing-nato-allies-over-iran-war-suspending-spain","","https://files.edgestore.dev/8ga6zo21isn2c9s5/projects/_public/cmmqq02pn0006jp045qmey0wa/Στιγμιότυπο οθόνης 2026-04-25 012327.png","ACTIVE","0x42f611181960ea7e460513f503ac2ceea86ed38da00524b15547f28d46589e82",1,"2026-04-24 22:24:24.24","2026-04-28 22:15:01.269",False,"","","cmn7yxntf0003lj04jnog1701",NULL,False,NULL,16277,5225,81
"cmnzze7m30002l8046n2qcw2l",121,"did:privy:cmmqq01tq03120djyw0a9c8iq","France-UK Hormuz coalition actually forms","Macron announced a ""peaceful multinational mission"" to restore Hormuz navigation. UK co-organizing. But UK won't join Trump's blockade. Like = real coalition materializes. Dislike = talk only.","https://global.morningstar.com/en-gb/news/alliance-news/1776074052242080200/france-uk-to-work-on-peaceful-multinational-mission-for-hormuz","","https://files.edgestore.dev/8ga6zo21isn2c9s5/projects/_public/cmmqq02pn0006jp045qmey0wa/images11.jpg","ACTIVE","0xdabd6372e44549abc7082dc64648092305fbeb7438a48e73f61544a2a84454f6",1,"2026-04-15 11:42:49.611","2026-04-17 14:38:50.14",False,"","","cmn7yxntf0003lj04jnog1701",NULL,False,NULL,0,103137,76
"cmnzzt9nk000djy04uy1bn573",125,"did:privy:cmmqq01tq03120djyw0a9c8iq","China gave Iran a spy satellite to hit US bases","FT: IRGC acquired TEE-01B satellite from Chinese company Earth Eye Co in late 2024. Used to monitor US bases before strikes. Like = confirmed game-changer. Dislike = overstated capability.","https://www.ft.com/content/1fddd2cd-1294-4e9c-a17d-5ea06b399355?syn-25a6b1a6=1","","https://files.edgestore.dev/8ga6zo21isn2c9s5/projects/_public/cmmqq02pn0006jp045qmey0wa/Στιγμιότυπο οθόνης 2026-04-15 145419.png","ACTIVE","0xdc63493717be18b2aa1d0d45bb07c4015ceca9a7eb33381a51d211b8fd6c3152",1,"2026-04-15 11:54:32.096","2026-04-15 11:54:44.39",False,"","","cmn7yxntf0003lj04jnog1701",NULL,False,NULL,0,0,76
"cmnzzk1050009jy04hjdegmfc",123,"did:privy:cmmqq01tq03120djyw0a9c8iq","Enrichment pause timeframe is the real gap","Both sides proposed suspending enrichment, can't agree how long. US wants dismantlement. Iran wants a temporary freeze. The timeframe is the deal-breaker. Like = bridgeable. Dislike = irreconcilable.","https://www.wsj.com/livecoverage/iran-us-cease-fire-talks-stalled-2026/card/in-a-shift-u-s-asked-iran-to-suspend-nuclear-enrichment-for-20-years-rlwtJa1iApyA67KQ7GO2","","https://files.edgestore.dev/8ga6zo21isn2c9s5/projects/_public/cmmqq02pn0006jp045qmey0wa/im-73663744.avif","ACTIVE","0x947d288f478d10f70a74c80f7b10d7f836fbdb856d8ba43f7e0c250af5eba040",1,"2026-04-15 11:47:20.968","2026-04-15 22:58:46.73",False,"","","cmn7yxntf0003lj04jnog1701",NULL,False,NULL,0,140,76
"cmnzzgvf00004l8046ge2cvoq",122,"did:privy:cmmqq01tq03120djyw0a9c8iq","Iran rebuilding missile bases during ceasefire","Satellite imagery shows equipment at blocked tunnel entrances, dump trucks lined up at a missile base south of Tabriz. Like = Iran rearming fast. Dislike = normal activity.","https://www.telegraph.co.uk/world-news/2026/04/15/iran-digging-for-buried-missile-launchers/","","","ACTIVE","0x85b36b9867cd87b64197bec5fadce166c4eb19e9bbedb773a2d02f63ee0f4d21",1,"2026-04-15 11:44:53.772","2026-04-16 21:59:26.518",False,"","","cmn7yxntf0003lj04jnog1701",NULL,False,NULL,0,2541,76
"cmnzzw765000fjy04zz9v8ld9",126,"did:privy:cmmqq01tq03120djyw0a9c8iq","Fertilizer crisis worse than Russia-Ukraine","30% of global urea trade from Hormuz-constrained countries, no strategic reserves, can't skip nitrogen. Like = worse crisis than Russia-Ukraine. Dislike = comparable.","https://irannewswire.org/strait-of-hormuz-crisis-fertilizer-helium-global/","","https://files.edgestore.dev/8ga6zo21isn2c9s5/projects/_public/cmmqq02pn0006jp045qmey0wa/Στιγμιότυπο οθόνης 2026-04-15 145551.png","ACTIVE","0xa3d3c046a86cf7567a0cc32b09a0072ba9ed8fc9f9fb65cd9d912bebec22ff31",1,"2026-04-15 11:56:48.833","2026-04-24 22:25:09.449",False,"","","cmn7yxntf0003lj04jnog1701",NULL,False,NULL,0,103225,81
"cmo1nilwu0003jy04hp25e6ps",134,"did:privy:cmmqq01tq03120djyw0a9c8iq","Starmer refuses war — UK trade deal at risk?","UK PM: ""not going to get dragged into this war."" Trump appeared to threaten the UK-US trade deal in response. Will he actually pull leverage on an ally? ","https://www.independent.co.uk/news/uk/politics/trump-starmer-us-uk-charles-visit-b2957916.html","","https://files.edgestore.dev/8ga6zo21isn2c9s5/projects/_public/cmmqq02pn0006jp045qmey0wa/1111111111111111.jpg","ACTIVE","0x9443d91eb180a66d62ac1fd6305f5cc454636a418a3d87ee0b7bd0d917df110e",1,"2026-04-16 15:45:51.726","2026-04-22 23:35:15.792",False,"","","cmn7yxntf0003lj04jnog1701",NULL,False,NULL,0,682325,77
"cmo1ndgt80001gt04ywjr7chh",133,"did:privy:cmmqq01tq03120djyw0a9c8iq","S&P record high while Kyiv burns — decoupled?","S&P and Nasdaq hit fresh records Wednesday. Same day Russia fired ~700 drones and dozens of missiles at Ukraine. Clean-exit pricing or total denial?","https://www.washingtontimes.com/news/2026/apr/16/russian-missiles-drones-strike-ukraine-hourslong-attack-killing-least/","","https://files.edgestore.dev/8ga6zo21isn2c9s5/projects/_public/cmmqq02pn0006jp045qmey0wa/Στιγμιότυπο οθόνης 2026-04-16 184140.png","ACTIVE","0x4b8533575174bf7e30c3a550594019e4da76ed7d38c90cd159355b7f8d78ae28",1,"2026-04-16 15:41:51.837","2026-04-20 22:56:58.276",False,"","","cmn7yxntf0003lj04jnog1701",NULL,False,NULL,0,130662,77
"cmo1mvkr00009kw04y9or0xez",130,"did:privy:cmmqq01tq03120djyw0a9c8iq","Iran petrochemical halt — desperation signal?","Iran's National Petrochemical Company suspended all exports ""until further notice"" citing war damage. Is this genuine supply shock or a pretext to hoard hard currency before wider sanctions?","https://www.iranintl.com/en/202604167873","","https://files.edgestore.dev/8ga6zo21isn2c9s5/projects/_public/cmmqq02pn0006jp045qmey0wa/11.png","ACTIVE","0x7195d6e4b035941b01e1dc9965c05fb1d525d03df2c27ad7023a049be70eaccd",1,"2026-04-16 15:27:57.133","2026-04-16 15:28:09.769",False,"","","cmn7yxntf0003lj04jnog1701",NULL,False,NULL,0,0,77
"cmo1my8p0000bkw04efiyw69x",131,"did:privy:cmmqq01tq03120djyw0a9c8iq","Iran demands $270B war compensation — serious?","Tehran publicly demanded $270B in war losses as a talks precondition. Like=Maximalist opening bid, or dislike=genuine non-starter designed to kill negotiations?","https://www.aa.com.tr/en/middle-east/iran-demands-compensation-from-5-arab-states-over-alleged-participation-in-us-israeli-strikes/3904666","","https://files.edgestore.dev/8ga6zo21isn2c9s5/projects/_public/cmmqq02pn0006jp045qmey0wa/11.png","ACTIVE","0x232afb92a584d310ed1e220c6318eb6592253499354ec3558ac476d9e1a5bcd9",1,"2026-04-16 15:30:01.476","2026-04-16 15:30:11.875",False,"","","cmn7yxntf0003lj04jnog1701",NULL,False,NULL,0,0,77
"cmo1n3fr10001ju04opzih9ns",132,"did:privy:cmmqq01tq03120djyw0a9c8iq","Iraq PM fight: Iran-backed or US-backed?","Nizar Amidi elected Iraqi president April 11, 15 days to name PM. Iran wants a PM supporting its interests; Trump wants one who disarms Iran-backed militias CNN. Like=Iran, Dislike=US prevails","https://edition.cnn.com/2026/04/15/world/live-news/iran-war-blockade-us-trump?post-id=cmo0kgo5c00003b6sfltms3uw","","https://files.edgestore.dev/8ga6zo21isn2c9s5/projects/_public/cmmqq02pn0006jp045qmey0wa/c-ap26101655237580.avif","ACTIVE","0x4999f58fab9fbe86550494999eb3a81d4edbed0d4f99085e2c684e0507c546c5",1,"2026-04-16 15:34:03.889","2026-04-16 15:34:13.551",False,"","","cmn7yxntf0003lj04jnog1701",NULL,False,NULL,0,0,77
"cmo8gzu990001jj0494axhga2",159,"did:privy:cmmqq01tq03120djyw0a9c8iq","US is in recession by Q4","Goldman raised recession odds to 30% on oil surge. Like = Goldman is late, recession arrives by Q4. Dislike = 30% is the peak, economy absorbs the shock.","https://www.forbes.com/sites/boazsobrado/2026/04/14/recession-shock-polymarket-bettors-wager-13m-on-us-downturn/","","https://files.edgestore.dev/8ga6zo21isn2c9s5/projects/_public/cmmqq02pn0006jp045qmey0wa/Στιγμιότυπο οθόνης 2026-04-21 131731.png","ACTIVE","0x11c3c36556d64102ef1d97058f00f7206882375d1562e567ff16063a7de2ecf1",1,"2026-04-21 10:17:41.613","2026-04-24 22:38:02.034",False,"","","cmn7yxntf0003lj04jnog1701",NULL,False,NULL,65849,1523624,79
"cmo8gi3kb0003i604oa97niy1",155,"did:privy:cmmqq01tq03120djyw0a9c8iq","USS Spruance seized Touska — legal act of war?","US destroyer fired on Iranian-flagged ship, Marines boarded, vessel in US custody. Iran vows retaliation, calls it ""criminal."" Does seizure cross the ceasefire red line?","https://edition.cnn.com/2026/04/20/middleeast/iran-cargo-ship-seized-explainer-intl-hnk-ml","","https://files.edgestore.dev/8ga6zo21isn2c9s5/projects/_public/cmmqq02pn0006jp045qmey0wa/2026-04-19t235055z-816513121-rc2gska8inn4-rtrmadp-3-iran-crisis-trump-ship.avif","ACTIVE","0xdfd11966cc61c851378fa8cf2a73548f7db87c5d9dc1cb4d99e539af67b20012",1,"2026-04-21 10:03:53.867","2026-04-21 10:04:04.323",False,"","","cmn7yxntf0003lj04jnog1701",NULL,False,NULL,0,0,79
"cmo8gxlg50001le04scz835ia",158,"did:privy:cmmqq01tq03120djyw0a9c8iq","Vance's Islamabad trip is theater","Vance departs Monday, Iran says no plan for second round. Like = optics for Wednesday deadline, not real talks. Dislike = Iran shows up and a deal is in play. ","https://www.nytimes.com/2026/04/20/us/politics/vance-iran-peace-negotiations.html","","https://files.edgestore.dev/8ga6zo21isn2c9s5/projects/_public/cmmqq02pn0006jp045qmey0wa/Στιγμιότυπο οθόνης 2026-04-21 131523.png","ACTIVE","0x9783f9ca3f55eda10089c07a89f5d46002367e5d784ea28479bbb6fb5d7eeb79",1,"2026-04-21 10:15:56.885","2026-04-21 19:41:56.838",False,"","","cmn7yxntf0003lj04jnog1701",NULL,False,NULL,0,5007,79
"cmo8guts10007i604l2zvrsag",157,"did:privy:cmmqq01tq03120djyw0a9c8iq","Graham at WH means hawks are winning","Lindsey Graham seen at West Wing Monday night, hours post-seizure. Like = war faction displacing deal faction. Dislike = routine visit, nothing to read into.","https://www.cnn.com/2026/04/20/world/live-news/iran-war-us-trump-israel?post-id=cmo7rufd900003b65ejpw8a4e","","https://files.edgestore.dev/8ga6zo21isn2c9s5/projects/_public/cmmqq02pn0006jp045qmey0wa/Στιγμιότυπο οθόνης 2026-04-21 131337.png","ACTIVE","0x10a9156c4dd4c956322bc34a57ee15ef0694809296cdbeb4935f51dcf3598dc1",1,"2026-04-21 10:13:47.714","2026-04-21 10:13:58.305",False,"","","cmn7yxntf0003lj04jnog1701",NULL,False,NULL,0,0,79
"cmo9ttgfo0003jp04ywrc1cnw",160,"did:privy:cmibximcw0079la0dcrbnfiua","Trump extends ceasefire but blockade continues","Trump extended a ceasefire with Iran, but the US blockade of the Strait of Hormuz continues. As two more ships were attacked, Iran warned of retaliation and reported 2 million jobs lost to the war.","https://www.theguardian.com/world/live/2026/apr/22/iran-war-live-updates-trump-ceasefire-us-hormuz-blockade-israel-lebanon-middle-east","https://files.edgestore.dev/8ga6zo21isn2c9s5/projects/_public/cmibximyf000dlb0495w53y18/2511.avif","https://files.edgestore.dev/8ga6zo21isn2c9s5/projects/_public/cmibximyf000dlb0495w53y18/2511.avif","ACTIVE","0x09127493c308eb41733d302b894fc66579869607dfd4cf01b2c910cbc9ba5cbd",1,"2026-04-22 09:04:24.949","2026-04-29 02:05:00.549",False,"","","cmn7yxntf0003lj04jnog1701",NULL,False,NULL,0,5567028,79
"cmo37uq8f0003ld04po9828fa",142,"did:privy:cmmqq01tq03120djyw0a9c8iq","Trump keeps blockade despite Iran opening strait","Iran declared the strait open; Trump said US blockade stays ""in full force"" until full peace deal. Iran threatened ""necessary measures."" Who backs down? Like=US, Dislike=Iran","https://www.bbc.com/news/live/cqxdg17yr2wt","","https://files.edgestore.dev/8ga6zo21isn2c9s5/projects/_public/cmmqq02pn0006jp045qmey0wa/Στιγμιότυπο οθόνης 2026-04-17 210250.png","ACTIVE","0xe3ba6bc02bd82cdac0042dfd998f38146dcece6e351a8d0660268c0d41628016",1,"2026-04-17 18:02:55.694","2026-04-18 14:11:34.083",False,"","","cmn7yxntf0003lj04jnog1701",NULL,False,NULL,437,0,77
"cmo38dzxd0006lf04zshkvri9",147,"did:privy:cmmqq01tq03120djyw0a9c8iq","Progressive Dem wins NJ blowout — 2026 signal?","Fox flagged a ""blowout"" Progressive Democrat win in a NJ seat today. Continues post-inauguration Dem overperformance pattern. Midterm signal or isolated district?","https://www.foxnews.com/video/6393308101112","","https://files.edgestore.dev/8ga6zo21isn2c9s5/projects/_public/cmmqq02pn0006jp045qmey0wa/Στιγμιότυπο οθόνης 2026-04-17 211737.png","ACTIVE","0xeb63b661663768890e62cce6073b9cfd88068e2dd5ddbb8b08a6948961377545",1,"2026-04-17 18:17:54.721","2026-04-24 14:21:07.763",False,"","","cmn7yxntf0003lj04jnog1701",NULL,False,NULL,0,1220168,77
"cmo36996q0001kz04rgdl54po",140,"did:privy:cmibximcw0079la0dcrbnfiua"," Tehran Declares Strait ‘Open’ After Lebanon Truce","U.S. widens its global naval blockade on Iran. Trump announces a 10-day Israel-Lebanon ceasefire. The war strains U.S. ties with the EU and Congress.","https://www.nytimes.com/live/2026/04/17/world/iran-us-war-trump","https://files.edgestore.dev/8ga6zo21isn2c9s5/projects/_public/cmibximyf000dlb0495w53y18/17israel-iran-header-930am-fzlh-superJumbo.webp","https://files.edgestore.dev/8ga6zo21isn2c9s5/projects/_public/cmibximyf000dlb0495w53y18/17israel-iran-header-930am-fzlh-superJumbo.webp","ACTIVE","0x17bc6e5f0388dd2faa712394a386c50825964b600dbdafaebfd9c4f83852246f",1,"2026-04-17 17:18:14.21","2026-04-18 14:09:34.358",False,"","","cmn7yxntf0003lj04jnog1701",NULL,False,NULL,0,1025,77
"cmo380d770004l504ntmlh0jb",144,"did:privy:cmmqq01tq03120djyw0a9c8iq","Trump: Israel ""PROHIBITED"" from bombing Lebanon","Trump declared Israel prohibited from striking Lebanon — minutes later Israeli drone killed 1 in southern Lebanon. Is Trump actually constraining Bibi, or being ignored?","https://www.reuters.com/world/middle-east/trump-says-israel-banned-bombing-lebanon-2026-04-17/","","https://files.edgestore.dev/8ga6zo21isn2c9s5/projects/_public/cmmqq02pn0006jp045qmey0wa/Στιγμιότυπο οθόνης 2026-04-17 210714.png","ACTIVE","0x54dd14fd04e0fdd42508ba090233ffb5061b2c6d6c1813c4e526460c48ab124e",1,"2026-04-17 18:07:18.74","2026-04-20 22:53:01.002",False,"","","cmn7yxntf0003lj04jnog1701",NULL,False,NULL,0,1291059,77
"cmo37rhr10001ld04isnkyasy",141,"did:privy:cmmqq01tq03120djyw0a9c8iq","Hormuz ""completely open"" — will it hold 10 days?","Araghchi declared Hormuz ""completely open"" for the 10-day Lebanon ceasefire. Oil plunged 13%, Dow +1,000. But tied to ceasefire duration only. Durable or only for the 10-day window?","https://www.aljazeera.com/news/2026/4/17/iran-foreign-minister-says-strait-of-hormuz-completely-open","","https://files.edgestore.dev/8ga6zo21isn2c9s5/projects/_public/cmmqq02pn0006jp045qmey0wa/Στιγμιότυπο οθόνης 2026-04-17 210018.png","ACTIVE","0x15f83cafbd2e27277c2d83c738b3a297529b675b3229558b73b20c9d2ee7189c",1,"2026-04-17 18:00:24.733","2026-04-20 13:34:42.89",False,"","","cmn7yxntf0003lj04jnog1701",NULL,False,NULL,0,1311392,77
"cmo8ggpvv0001i604zdn7e8j7",154,"did:privy:cmmqq01tq03120djyw0a9c8iq","Ceasefire expires Wed — extension chances?","Trump says ceasefire ends Wednesday evening, extension ""highly unlikely."" Iran says no plan to reengage ""for now."" Vance still flying to Islamabad. Deal (like) or war in 48h (dislike)?","https://finance.yahoo.com/economy/policy/articles/trump-signals-no-truce-extension-060711967.html","","https://files.edgestore.dev/8ga6zo21isn2c9s5/projects/_public/cmmqq02pn0006jp045qmey0wa/Στιγμιότυπο οθόνης 2026-04-21 130240.png","ACTIVE","0x6b168d8c1bc10ec228b739de1e558292e1f4cdb9110597ee003af440e94adf83",1,"2026-04-21 10:02:49.484","2026-04-21 10:03:01.124",False,"","","cmn7yxntf0003lj04jnog1701",NULL,False,NULL,0,0,79
"cmo386wj90006l5044v79blza",145,"did:privy:cmmqq01tq03120djyw0a9c8iq","Maersk, Hapag-Lloyd: ""open questions"" remain","Both shipping giants welcomed Hormuz news but refuse to transit until insurance, corridor rules, ship sequencing resolved. Announcement ≠ shipping. Real flow in 24-36h?","https://wwd.com/sourcing-journal/logistics/strait-of-hormuz-completely-open-iran-war-trump-maersk-hapag-lloyd-donald-trump-abbas-araghchi-container-shipping-1238920249/","","https://files.edgestore.dev/8ga6zo21isn2c9s5/projects/_public/cmmqq02pn0006jp045qmey0wa/Στιγμιότυπο οθόνης 2026-04-17 211219.png","ACTIVE","0x1cfef1b96b1fa5d472ee5e6758481fa62fb5e2ba4170b2c7777d9a22ad2a77f6",1,"2026-04-17 18:12:23.734","2026-04-21 19:46:17.442",False,"","","cmn7yxntf0003lj04jnog1701",NULL,False,NULL,0,107389,77
"cmo37yczi0002jr04uc9qpqyd",143,"did:privy:cmmqq01tq03120djyw0a9c8iq","Israel-Lebanon 10-day truce: Hezbollah consents?","Ceasefire took effect 5pm Thursday. Netanyahu keeps 10km buffer zone, demands Hezbollah disarmament. Hezbollah not at the table. Does the truce survive first provocation?","https://www.npr.org/2026/04/17/g-s1-117800/up-first-newsletter-israel-hezbollah-strait-of-hormuz-cdc-erica-schwartz-immigration-dhs","","https://files.edgestore.dev/8ga6zo21isn2c9s5/projects/_public/cmmqq02pn0006jp045qmey0wa/Στιγμιότυπο οθόνης 2026-04-17 210541.png","ACTIVE","0x6d094e8307281962277f9658b6a51266603ac5040a24eccb967632d2e6f66b2a",1,"2026-04-17 18:05:45.15","2026-04-17 18:05:57.243",False,"","","cmn7yxntf0003lj04jnog1701",NULL,False,NULL,0,0,77
"cmoaixzxq0003jv04lz7pwz4g",162,"did:privy:cmmqq01tq03120djyw0a9c8iq","Iran ship seizures are Touska retaliation","IRGC seized MSC Francesca and Epaminondas, disabled Euphoria, hours after Trump extended ceasefire. Like = direct tit-for-tat for Touska. Dislike = coincidence or pre-planned move.","https://www.ekathimerini.com/economy/1301613/iran-seizes-2-container-ships-including-greek-owned-vessel/","","https://files.edgestore.dev/8ga6zo21isn2c9s5/projects/_public/cmmqq02pn0006jp045qmey0wa/Στιγμιότυπο οθόνης 2026-04-22 234735.png","ACTIVE","0xf18d4288ce08f180d8c36f98e20090b00b84d1e48cfecdc0a41aac8204a0c56e",1,"2026-04-22 20:47:47.247","2026-04-22 20:48:00.632",False,"","","cmn7yxntf0003lj04jnog1701",NULL,False,NULL,0,0,80
"cmoajav4m0007jv04zsoyho8w",167,"did:privy:cmmqq01tq03120djyw0a9c8iq","20k seafarers trapped is the real story"," ~20,000 sailors stranded in Hormuz chokepoint. Senator Cotton: ""seafarers are not soldiers."" Like = humanitarian crisis becomes dominant frame by May. Dislike = stays a footnote.","https://www.youtube.com/watch?v=DlwUCfahQtE","","https://files.edgestore.dev/8ga6zo21isn2c9s5/projects/_public/cmmqq02pn0006jp045qmey0wa/Στιγμιότυπο οθόνης 2026-04-22 235704.png","ACTIVE","0xbedaaee390ba187f00b53c3cb4e27a014c5f81675fdae446891452bbafc0a159",1,"2026-04-22 20:57:47.543","2026-04-28 22:41:19.525",False,"","","cmn7yxntf0003lj04jnog1701",NULL,False,NULL,0,1326108,80
"cmoaj120k0005jv04swpx4nma",163,"did:privy:cmmqq01tq03120djyw0a9c8iq","Blockade + ceasefire is logically incoherent","Trump extended truce but kept naval blockade in force. Iran calls blockade itself a violation. Like = the framework can't hold, collapse coming. Dislike = this is the deal structure.","https://www.aljazeera.com/news/2026/4/21/trump-announces-extending-iran-ceasefire-but-says-blockade-remains","","https://files.edgestore.dev/8ga6zo21isn2c9s5/projects/_public/cmmqq02pn0006jp045qmey0wa/Στιγμιότυπο οθόνης 2026-04-22 235001.png","ACTIVE","0xc9a615fc80770b8b78f4c470093804a084e47aa4d694b53237e4b3d6134d1895",1,"2026-04-22 20:50:09.909","2026-04-22 20:50:20.23",False,"","","cmn7yxntf0003lj04jnog1701",NULL,False,NULL,0,0,80
"cmoaj3k1t0005jo04a7l6x6y6",164,"did:privy:cmmqq01tq03120djyw0a9c8iq","Greek ship hit means EU gets pulled in","Greek-linked cargo attacked near Hormuz. Greek FM already calling Iranian tolls ""unacceptable."" Like = EU moves from sanctions to military mission. Dislike = Athens absorbs it quietly.","https://www.bbc.com/news/articles/cdxd074kr8go","","https://files.edgestore.dev/8ga6zo21isn2c9s5/projects/_public/cmmqq02pn0006jp045qmey0wa/Στιγμιότυπο οθόνης 2026-04-22 235159.png","ACTIVE","0x73ffa91abaf98d2306901a900ddfe2bdde9770d056511fcc68684ebdece21057",1,"2026-04-22 20:52:06.593","2026-04-22 20:52:18.201",False,"","","cmn7yxntf0003lj04jnog1701",NULL,False,NULL,0,0,80
"cmoaj785p0008jv04nmblm1z7",165,"did:privy:cmmqq01tq03120djyw0a9c8iq","Lufthansa cutΣ signals airline industry collapse","Lufthansa cutting 20,000 flights through October on doubled jet fuel prices. Like = other majors follow within 30 days. Dislike = Lufthansa is worst-exposed, others absorb it.","https://www.travelweekly.com/Travel-News/Airline-News/Lufthansa-slashes-short-haul-flights-amid-jet-fuel-crisis","","https://files.edgestore.dev/8ga6zo21isn2c9s5/projects/_public/cmmqq02pn0006jp045qmey0wa/Στιγμιότυπο οθόνης 2026-04-22 235451.png","ACTIVE","0x218c13ea2be1b98c722de4a5e6c43b1fa48c18fcf817ae352c489ac3d904daf8",1,"2026-04-22 20:54:57.806","2026-04-22 20:55:07.495",False,"","","cmn7yxntf0003lj04jnog1701",NULL,False,NULL,0,0,80
"cmo38bchz0008l504ekrmz2nr",146,"did:privy:cmmqq01tq03120djyw0a9c8iq","Iran negotiator escorted home by Pakistan airforce","Report: Iran's Islamabad negotiators flew home under Pakistani air force escort, fearing an Israeli strike. If true, huge signal about talks trust. Credible or Iranian spin?","https://www.reuters.com/world/asia-pacific/iran-negotiators-citing-possible-israeli-attack-got-pakistan-escort-home-peace-2026-04-17/","","https://files.edgestore.dev/8ga6zo21isn2c9s5/projects/_public/cmmqq02pn0006jp045qmey0wa/Στιγμιότυπο οθόνης 2026-04-17 211416.png","ACTIVE","0x539e4ea3f6002d3932d0bb6962e63b3fec4affcef0f14880fe10e4556df2f283",1,"2026-04-17 18:15:51.029","2026-04-22 23:47:04.379",False,"","","cmn7yxntf0003lj04jnog1701",NULL,False,NULL,0,1839290,77
"cmoajf4an0009jv04zkwmucds",168,"did:privy:cmmqq01tq03120djyw0a9c8iq","EU sanctions widening is cover for inaction","Kallas announced expanded Iran sanctions same day as ship attacks. Like = EU using sanctions to avoid military commitment. Dislike = sanctions are a real precursor to naval mission.","https://www.eeas.europa.eu/eeas/foreign-affairs-council-press%C2%A0remarks%C2%A0-high-representative-kaja-kallas%C2%A0-press-conference_en","","","ACTIVE","0x1e80edeaf71da95ac6f10a7eb7055efb756d0b3a913869de1b9a220edd81c6e8",1,"2026-04-22 21:01:06.047","2026-04-23 01:11:34.36",False,"","","cmn7yxntf0003lj04jnog1701",NULL,False,NULL,0,42032,80
"cmog69w6b0001lb04h5dhruyf",181,"did:privy:cmmqq01tq03120djyw0a9c8iq","Trump cancelled Islamabad = no deal coming","Trump pulled Witkoff and Kushner off the flight: ""You're not making 18-hour flights to talk about nothing."" Like = deal is dead, war resumes. Dislike = pressure tactic, talks restart in days.","https://edition.cnn.com/2026/04/25/world/live-news/iran-war-israel-pakistan-talks","","https://files.edgestore.dev/8ga6zo21isn2c9s5/projects/_public/cmmqq02pn0006jp045qmey0wa/Στιγμιότυπο οθόνης 2026-04-26 223930.png","ACTIVE","0xbdc2b1e42ae6bd31c995fd6615cce26407c2e23aafe5aa4ca4fdafeb22d4494d",1,"2026-04-26 19:39:44.291","2026-04-26 19:39:55.353",False,"","","cmn7yxntf0003lj04jnog1701",NULL,False,NULL,0,0,82
"cmobr4sd90001ju046289civn",169,"did:privy:cmmqq01tq03120djyw0a9c8iq","Iran now earns $20M/day from Hormuz tolls","Deputy speaker Hajibabaei: first toll revenues deposited to Central Bank. Analysts estimate up to $20M daily from oil tankers alone. Like = blockade failing. Dislike = PR claim, no real flow.","https://www.ainvest.com/news/iran-crypto-tolls-20m-day-revenue-flow-scam-parasites-2604/","","https://files.edgestore.dev/8ga6zo21isn2c9s5/projects/_public/cmmqq02pn0006jp045qmey0wa/Στιγμιότυπο οθόνης 2026-04-23 202431.png","ACTIVE","0x9b927fb3ce0f23ab71bb8aba549974b00bc28ccc5708b3cf01c6bea54d659837",1,"2026-04-23 17:24:47.133","2026-04-23 17:25:00.748",False,"","","cmn7yxntf0003lj04jnog1701",NULL,False,NULL,0,0,80
"cmobrang70001ju04622d12e5",170,"did:privy:cmmqq01tq03120djyw0a9c8iq","Netanyahu wants war to survive own trials","Bibi's legal exposure pre-war was existential. Iran war rallied coalition. Like = primary motivation is personal survival. Dislike = strategic, not personal.","https://www.aljazeera.com/news/2026/3/20/five-problems-the-iran-war-could-solve-for-israels-netanyahu","","https://files.edgestore.dev/8ga6zo21isn2c9s5/projects/_public/cmmqq02pn0006jp045qmey0wa/Στιγμιότυπο οθόνης 2026-04-23 202914.png","ACTIVE","0xa5147b506a5137dee18b112c1c4a9c8671be24825aba1fa88211b95c1de0607e",1,"2026-04-23 17:29:20.683","2026-04-26 13:49:56.508",False,"","","cmn7yxntf0003lj04jnog1701",NULL,False,NULL,36966,0,80
"cmodhhfbr0005jo04i2acxmyd",179,"did:privy:cmmqq01tq03120djyw0a9c8iq","Pakistan is the year's biggest geopolitical winner","Pakistan brokering Iran-US, mediating Afghanistan-China, hosting Vance/Munir/Witkoff. Like = Pakistan emerges as regional power broker. Dislike = facilitator role, not principal gain.","https://www.facebook.com/GeoEnglishdotTV/posts/pakistan-achieved-one-of-its-biggest-diplomatic-wins-in-years-says-south-asia-ex/1417700933723203/","","https://files.edgestore.dev/8ga6zo21isn2c9s5/projects/_public/cmmqq02pn0006jp045qmey0wa/Στιγμιότυπο οθόνης 2026-04-25 013005.png","ACTIVE","0x8790486309edd5789acaf706e8e09b1c1fb91b3e5187066a2dd3adad7a971dac",1,"2026-04-24 22:30:12.951","2026-04-26 13:34:22.363",False,"","","cmn7yxntf0003lj04jnog1701",NULL,False,NULL,0,170705,81
"cmobrg5l20003ju04idtvx6ys",171,"did:privy:cmmqq01tq03120djyw0a9c8iq","Pakistan is running both sides of the talks","Sharif in Saudi/Qatar/Turkey. Munir carrying messages to Tehran. Pakistani air force flying Iranians. Like = Pakistan's the real broker, US just signs. Dislike = Pakistan is just a conduit.","https://www.aljazeera.com/news/2026/4/16/hopes-grow-for-a-breakthrough-in-us-iran-talks-as-pakistan-mediates","","https://files.edgestore.dev/8ga6zo21isn2c9s5/projects/_public/cmmqq02pn0006jp045qmey0wa/Στιγμιότυπο οθόνης 2026-04-23 203315.png","ACTIVE","0x7fba3b5ed3deaf8ca7a58f204811b6d2b7c983b580130d3ee0fab5d6ff0985f2",1,"2026-04-23 17:33:37.465","2026-04-23 17:33:49.407",False,"","","cmn7yxntf0003lj04jnog1701",NULL,False,NULL,0,0,80
"cmodhjxx60001ky04ufctghtb",180,"did:privy:cmmqq01tq03120djyw0a9c8iq","Taiwan invasion is off the table through 2027","Beijing's coercion stays ""below threshold of gray zone."" Trump-Xi summit eased tensions. Like = no major escalation through 2027. Dislike = invasion window opens 2026 H2.","https://news.usni.org/2026/03/19/china-not-committed-to-2027-taiwan-invasion-u-s-intel-report-says","","https://files.edgestore.dev/8ga6zo21isn2c9s5/projects/_public/cmmqq02pn0006jp045qmey0wa/Στιγμιότυπο οθόνης 2026-04-25 013203.png","ACTIVE","0xf829cc5066391a70d135d714d48e2a0092c291fd8b721d2476948c56d8971c2b",1,"2026-04-24 22:32:10.362","2026-04-29 00:11:03.621",False,"","","cmn7yxntf0003lj04jnog1701",NULL,False,NULL,17775,4464616,81
"cmobrrqmy0005ju047bbdouc5",173,"did:privy:cmmqq01tq03120djyw0a9c8iq","Iran's ""fractured leadership"" is US disinfo","Trump said Iran too divided to submit proposal. Pezeshkian and Ghalibaf publicly coordinating same week. Like = US spin to justify delay. Dislike = real Iranian split. ","https://edition.cnn.com/2026/04/22/middleeast/iran-war-leadership-cohesive-intl-latam","","https://files.edgestore.dev/8ga6zo21isn2c9s5/projects/_public/cmmqq02pn0006jp045qmey0wa/Στιγμιότυπο οθόνης 2026-04-23 204228.png","ACTIVE","0x5ec40effaaafcb271aa2d1e4a97c756c404ea9d0f86305b1507bca06dcdeaaa0",1,"2026-04-23 17:42:37.978","2026-04-24 13:36:15.677",False,"","","cmn7yxntf0003lj04jnog1701",NULL,False,NULL,0,52179,80
"cmog6gdrm0003lb04ja5fr77p",182,"did:privy:cmmqq01tq03120djyw0a9c8iq","Mali is Wagner's Afghanistan moment","JNIM + FLA seized Kidal, hit Bamako airport, killed defense minister. Wagner stationed at attacked bases. Like = Russia's African proxy strategy is failing. Dislike = junta retakes control.","https://www.aljazeera.com/news/liveblog/2026/4/25/mali-attacks-live-gunfire-heard-near-bamako-airport-and-in-several-cities","","https://files.edgestore.dev/8ga6zo21isn2c9s5/projects/_public/cmmqq02pn0006jp045qmey0wa/Στιγμιότυπο οθόνης 2026-04-26 224429.png","ACTIVE","0xeaffde4d468f336768c62a665aba274f93bf41205ea8c30d7b2846f7dc566ce8",1,"2026-04-26 19:44:47.026","2026-04-26 19:44:56.86",False,"","","cmn7yxntf0003lj04jnog1701",NULL,False,NULL,0,0,82
"cmog6nbej0002js04ag8j591y",183,"did:privy:cmmqq01tq03120djyw0a9c8iq","Araghchi's 6-country tour = Iran building bloc","Iran FM called Egypt, France, Turkey, Qatar, visited Oman, back in Islamabad — all while US pulled out. Like = Iran building anti-US diplomatic coalition. Dislike = standard shuttle diplomacy.","https://www.youtube.com/watch?v=kVN7vaTiNrA","","https://files.edgestore.dev/8ga6zo21isn2c9s5/projects/_public/cmmqq02pn0006jp045qmey0wa/Στιγμιότυπο οθόνης 2026-04-26 225001.png","ACTIVE","0xc911436b2e338d957dc8eb78fa821cbfd0d746d1e62d70da5d9e7cf46f70cf3c",1,"2026-04-26 19:50:10.556","2026-04-26 19:50:20.779",False,"","","cmn7yxntf0003lj04jnog1701",NULL,False,NULL,0,0,82
"cmobrkgvr0004ju04npg4787n",172,"did:privy:cmmqq01tq03120djyw0a9c8iq","Kushner cut the real ceasefire deal","Kushner in Islamabad with Vance. Same playbook as Abraham Accords. Like = Kushner is primary negotiator, Vance is face. Dislike = Vance leads, Kushner is observer.","https://www.turkiyetoday.com/world/trump-sends-vance-witkoff-kushner-to-islamabad-as-iran-ceasefire-holds-under-strain-3217722","","https://files.edgestore.dev/8ga6zo21isn2c9s5/projects/_public/cmmqq02pn0006jp045qmey0wa/211348878_211346140-060e6ad2b70b45d79ed7a994a7d60693_t320.jpg","ACTIVE","0x03637bcaa1d6fdf2a42ae450ac626785100f415d08cc24dc74354c68fbfd6d3f",1,"2026-04-23 17:36:58.728","2026-04-28 22:17:12.889",False,"","","cmn7yxntf0003lj04jnog1701",NULL,False,NULL,0,685640,80
"cmog6pmzq0006lb04f0y9gjyg",184,"did:privy:cmmqq01tq03120djyw0a9c8iq","IMF 2% global growth scenario is the real one"," IMF cut forecast to 3.1% base, 2.5% adverse, 2% severe if Hormuz stays shut into 2027. Like = severe scenario plays out, 2% growth. Dislike = short conflict, 3.1% holds.","https://news.metal.com/newscontent/103875035-Strait-of-Hormuz-Lockdown-Threatens-Global-Economy-IMF-Warns-of-2-Growth-by-2026","","https://files.edgestore.dev/8ga6zo21isn2c9s5/projects/_public/cmmqq02pn0006jp045qmey0wa/Στιγμιότυπο οθόνης 2026-04-26 225150.png","ACTIVE","0xd0fc3f55bbb707167868dd94496a8ccd6dc2a21604223d8da195475cfb625159",1,"2026-04-26 19:51:58.886","2026-04-27 18:53:53.74",False,"","","cmn7yxntf0003lj04jnog1701",NULL,False,NULL,9298,3183,82
"cmog6yov90004ik0427dea80u",187,"did:privy:cmmqq01tq03120djyw0a9c8iq","Ukraine exploits Iran war to expand influence","Kyiv Post: as US-Iran cools, Ukraine positions itself as separate ME player, seeking to leverage the conflict. Like = smart geopolitical play. Dislike = Ukraine too weak to project influence.","https://www.theguardian.com/world/2026/mar/29/ukraine-war-briefing-zelenskyy-drums-up-defence-agreements-with-gulf-states-on-countering-missiles-and-drones","","https://files.edgestore.dev/8ga6zo21isn2c9s5/projects/_public/cmmqq02pn0006jp045qmey0wa/Στιγμιότυπο οθόνης 2026-04-26 225848.png","ACTIVE","0x9b1e7bbe18e9c8a3f44e645ea39b1578fc43e70baa73c7dfa876669b2f3406d2",1,"2026-04-26 19:59:01.221","2026-04-26 19:59:10.587",False,"","","cmn7yxntf0003lj04jnog1701",NULL,False,NULL,0,0,82
"cmog6v6fa0001ik04zdq0ghxz",186,"did:privy:cmmqq01tq03120djyw0a9c8iq","EU proposes new energy corridors = too late","Von der Leyen in Nicosia: European security ""inextricably linked"" to Gulf stability, proposes new transit routes. Like = pipedream, takes 5+ years. Dislike = real projects start within 12 months.","https://ec.europa.eu/commission/presscorner/detail/en/ip_26_629","","https://files.edgestore.dev/8ga6zo21isn2c9s5/projects/_public/cmmqq02pn0006jp045qmey0wa/Στιγμιότυπο οθόνης 2026-04-26 225608.png","ACTIVE","0x5f15e0f6361a1ce6ab388a83d0c7cb4cdaf99b01374d3d868a44c5db015780fc",1,"2026-04-26 19:56:17.335","2026-04-28 15:24:00.724",False,"","","cmn7yxntf0003lj04jnog1701",NULL,False,NULL,0,133769,82
"cmog71iqs0006ik041lznj3jk",188,"did:privy:cmmqq01tq03120djyw0a9c8iq","China controls 99% of gallium = real leverage","Geopolitical Monitor: China produces 99% of global gallium supply, essential for semiconductors. Like = China's mineral leverage > military leverage. Dislike = Western substitutes emerging fast.","https://www.facebook.com/TheSmartSolar/videos/china-dominates-9098-of-the-worlds-gallium-supply-a-critical-mineral-for-advance/1584815816119898/","","https://files.edgestore.dev/8ga6zo21isn2c9s5/projects/_public/cmmqq02pn0006jp045qmey0wa/Στιγμιότυπο οθόνης 2026-04-26 230104.png","ACTIVE","0xac1046035c58b536ce4139616a714ce85043f28fd3df43aebaf992309fc9c51d",1,"2026-04-26 20:01:13.252","2026-04-28 22:13:39.122",False,"","","cmn7yxntf0003lj04jnog1701",NULL,False,NULL,0,925769,82
"cmog6rz0e0004js04qlu6y4bh",185,"did:privy:cmmqq01tq03120djyw0a9c8iq","37 ships redirected means blockade is working","CENTCOM: 37 ships turned back as of Saturday. 3 seized. Like = blockade is effective, Iran's economy strangling. Dislike = Iran still collecting tolls and exporting via workarounds.","https://tass.com/world/2122491","","https://files.edgestore.dev/8ga6zo21isn2c9s5/projects/_public/cmmqq02pn0006jp045qmey0wa/Στιγμιότυπο οθόνης 2026-04-26 225338.png","ACTIVE","0x7bf940c0a8560d781fa4a505600188c4f7db206599891166854014ba00a28c8c",1,"2026-04-26 19:53:47.775","2026-04-26 19:53:57.446",False,"","","cmn7yxntf0003lj04jnog1701",NULL,False,NULL,0,0,82
"cmoimniz40003jp044orcf6ae",189,"did:privy:cmibximcw0079la0dcrbnfiua","Trump unlikely to accept Iran proposal to end war","The proposal would have reopened the Strait of Hormuz while leaving questions about Iran's nuclear program for later negotiations.","https://edition.cnn.com/2026/04/28/world/live-news/iran-war-trump-israel","https://files.edgestore.dev/8ga6zo21isn2c9s5/projects/_public/cmibximyf000dlb0495w53y18/2026-04-26t023507z-1898837441-rc2qwkarmr12-rtrmadp-3-usa-trump-dinner.avif","https://files.edgestore.dev/8ga6zo21isn2c9s5/projects/_public/cmibximyf000dlb0495w53y18/2026-04-26t023507z-1898837441-rc2qwkarmr12-rtrmadp-3-usa-trump-dinner.avif","ACTIVE","0x0f2fef71f90632cbe1a59f2e9dc88a7451f7b48a610a2fa5e7799211d80287d1",1,"2026-04-28 12:53:46.563","2026-04-29 08:11:39.74",False,"","","cmn7yxntf0003lj04jnog1701",NULL,False,NULL,0,186392,82
"cmoiqo53g0007jj04z5wxpifw",190,"did:privy:cmibximcw0079la0dcrbnfiua","United Arab Emirates to quit oil cartel Opec","The United Arab Emirates (UAE) is quitting the Opec and Opec+ groups of major oil producing nations next month after nearly 60 years of membership.","https://www.bbc.com/news/articles/cj4pxwlr52yo","https://files.edgestore.dev/8ga6zo21isn2c9s5/projects/_public/cmibximyf000dlb0495w53y18/IMG_0264.webp","https://files.edgestore.dev/8ga6zo21isn2c9s5/projects/_public/cmibximyf000dlb0495w53y18/IMG_0264.webp","ACTIVE","0xfa367b205e1f560752d76416cb34a5ae6d79ac774bd028a0a96389d9deafb610",1,"2026-04-28 14:46:13.708","2026-04-28 14:46:26.517",False,"","","cmn7yxntf0003lj04jnog1701",NULL,False,NULL,0,0,83
"cmoivbri00005lh04a3bs1qnx",191,"did:privy:cmmqq01tq03120djyw0a9c8iq","Iran's ""war situation"" framing kills the deal","Iranian army spokesperson today: country ""still in a war situation."" Hormuz remains sticking point. Like = ceasefire collapses by week's end. Dislike = framing for leverage, deal still possible.","https://www.aljazeera.com/news/liveblog/2026/4/28/iran-war-live-trump-reviews-peace-plan-un-calls-for-hormuz-to-reopen","","https://files.edgestore.dev/8ga6zo21isn2c9s5/projects/_public/cmmqq02pn0006jp045qmey0wa/Στιγμιότυπο οθόνης 2026-04-28 195620.png","ACTIVE","0x6ad06670200d863696fe92d8c2aff8590cf8f8d25b1ea9813a36d64ac0dbadb3",1,"2026-04-28 16:56:34.296","2026-04-28 16:56:47.796",False,"","","cmn7yxntf0003lj04jnog1701",NULL,False,NULL,0,0,83
"cmoiw1r0a0009lh04h1jhznjf",195,"did:privy:cmmqq01tq03120djyw0a9c8iq","Lai delay = Taiwan invasion window opens 2026","Taiwan's William Lai delayed an overseas trip last-minute, first time any Taiwan leader has done this. SCMP flagged April 22. Like=security signal, invasion prep. Dislike=routine scheduling change.","https://www.scmp.com/news/china/politics/article/3350917/taiwanese-leader-lai-postpones-africa-trip-after-3-nations-revoke-overflight-permission","","https://files.edgestore.dev/8ga6zo21isn2c9s5/projects/_public/cmmqq02pn0006jp045qmey0wa/Στιγμιότυπο οθόνης 2026-04-28 201641.png","ACTIVE","0x1f4c2eb95bbeecab6d58400914a6e3dfd5330a1c8f8a35ec5b9da4c3a16b31f0",1,"2026-04-28 17:16:46.714","2026-04-28 17:25:48.045",False,"","","cmn7yxntf0003lj04jnog1701",NULL,False,NULL,0,64105,83
"cmoivxad80007lh04mjg196yi",194,"did:privy:cmmqq01tq03120djyw0a9c8iq","IMF says energy exporters win — Russia top winner","IMF April WEO: war benefits energy exporters, hurts importers. Russia's stranded crude flowing on US waiver. Like=Russia is biggest economic winner of 2026. Dislike=sanctions costs outweigh oil gains.","https://fortune.com/2026/04/14/imf-slashes-global-growth-forecast-blaming-war-in-the-middle-east-for-halted-momentum/","","https://files.edgestore.dev/8ga6zo21isn2c9s5/projects/_public/cmmqq02pn0006jp045qmey0wa/Στιγμιότυπο οθόνης 2026-04-28 201309.png","ACTIVE","0xd3404d420083f4f81c09fa7efbaa948b70e9d0ccecccd29ed9dad63bb25bfd96",1,"2026-04-28 17:13:18.525","2026-04-28 22:36:21.493",False,"","","cmn7yxntf0003lj04jnog1701",NULL,False,NULL,0,5296,83
"cmoivez140002jo04vxd762lv",192,"did:privy:cmmqq01tq03120djyw0a9c8iq","Trump-Xi May 14 Beijing summit ends Iran war","First US presidential visit to Beijing in nearly a decade. Foreign Policy: substantive Taiwan/chip deals unlikely but signaling possible. Like=Iran deal forced before summit. Dislike=decoupled tracks","https://foreignpolicy.com/2026/04/27/trump-xi-summit-us-china-trade-deal-taiwan-geopolitics/","","https://files.edgestore.dev/8ga6zo21isn2c9s5/projects/_public/cmmqq02pn0006jp045qmey0wa/Στιγμιότυπο οθόνης 2026-04-28 195851.png","ACTIVE","0x8e3ff17a8186d01de7ad4581c76b48400ff8fe8d6d6c4fe309ea6c08b9bc0722",1,"2026-04-28 16:59:04.025","2026-04-29 02:18:38.319",False,"","","cmn7yxntf0003lj04jnog1701",NULL,False,NULL,3183,0,83
"cmoivqk620004jo04yx4w3ca8",193,"did:privy:cmmqq01tq03120djyw0a9c8iq","EU's 20th sanctions package is performative","EU approved 20th round of sanctions against Russia. Russia still selling crude to India, China, Turkey. Like = symbolic, no economic bite. Dislike = cumulative pressure finally working.","https://ec.europa.eu/commission/presscorner/detail/en/ip_26_869","","https://files.edgestore.dev/8ga6zo21isn2c9s5/projects/_public/cmmqq02pn0006jp045qmey0wa/AA21z9YA.jpg","ACTIVE","0xc403655c6cad8c8549c19a00721670b46cff31d8204ccb5d8bf827897d2fb94a",1,"2026-04-28 17:08:04.634","2026-04-28 17:08:14.4",False,"","","cmn7yxntf0003lj04jnog1701",NULL,False,NULL,0,0,83
"cmokgtqdh0002l704ghhk64j3",196,"did:privy:cmmqq01tq03120djyw0a9c8iq","Pentagon $25B Iran cost is undercounted","First public Pentagon accounting puts Iran war at $25B. March estimate was already $18B. Real cost likely 2-3x.","https://www.politico.com/news/2026/04/29/hegseth-iran-war-cost-00898174?nid=0000015a-dd3e-d536-a37b-dd7fd8af0000&nname=playbook-pm&nrid=0000014e-f0ef-dd93-ad7f-f8efff510001","","https://files.edgestore.dev/8ga6zo21isn2c9s5/projects/_public/cmmqq02pn0006jp045qmey0wa/Στιγμιότυπο οθόνης 2026-04-29 224600.png","ACTIVE","0xb08f76300e9e7e509523e45d517928445b9ae43deebe9ddaa0279d5d25cdda7a",1,"2026-04-29 19:46:10.757","2026-04-29 19:46:24.359",False,"","","cmn7yxntf0003lj04jnog1701",NULL,False,NULL,0,0,83
"cmokgy26f0001ii04yo0nip7x",197,"did:privy:cmmqq01tq03120djyw0a9c8iq","Ghalibaf is the real Iranian leader now","Iran's parliament speaker setting public terms on Hormuz, blockade, ceasefire. Mojtaba absent. Real authority sits with Ghalibaf.","https://www.iranintl.com/en/202604277225","","https://files.edgestore.dev/8ga6zo21isn2c9s5/projects/_public/cmmqq02pn0006jp045qmey0wa/Στιγμιότυπο οθόνης 2026-04-29 224926.png","ACTIVE","0x374a4d40debeb073fd1295e61837e9cc2a517e3be3eea8cd327e7a3a18ae4340",1,"2026-04-29 19:49:32.679","2026-04-29 19:49:43.587",False,"","","cmn7yxntf0003lj04jnog1701",NULL,False,NULL,0,0,83
"cmokh18pm0001i604at0nr4c5",198,"did:privy:cmmqq01tq03120djyw0a9c8iq","Hezbollah breaks Lebanon truce by May 7","IDF says 10 killed in southern Lebanon Tuesday, blamed Hezbollah violations. Truce expires May 7. Collapses before then.","https://www.bbc.com/news/articles/cvgz5rgv4n3o","","https://files.edgestore.dev/8ga6zo21isn2c9s5/projects/_public/cmmqq02pn0006jp045qmey0wa/Στιγμιότυπο οθόνης 2026-04-29 225155.png","ACTIVE","0x1cf3488e35880125dafdfd3848315facedc00ba74a6f5f207405430e62b33991",1,"2026-04-29 19:52:01.115","2026-04-29 19:52:11.626",False,"","","cmn7yxntf0003lj04jnog1701",NULL,False,NULL,0,0,83
"cmokh668v0003i604qcs2rwt7",199,"did:privy:cmmqq01tq03120djyw0a9c8iq","Mojtaba Khamenei is dead or incapacitated","Named successor not seen since Feb 28 strike. Believed seriously wounded. Tehran spokesman calls leadership ""manageable""","https://www.euronews.com/2026/04/27/mystery-deepens-over-mojtaba-khameneis-condition-after-iran-unveils-martyr-mural","","https://files.edgestore.dev/8ga6zo21isn2c9s5/projects/_public/cmmqq02pn0006jp045qmey0wa/images12.jpg","ACTIVE","0x7c306807318c5e89ec3310a9964f75d4f5e51dd8822238044c0a38115ccacec8",1,"2026-04-29 19:55:51.199","2026-04-29 19:56:01.611",False,"","","cmn7yxntf0003lj04jnog1701",NULL,False,NULL,0,0,83
"cmokhjarl0001k004e5z5x9oz",200,"did:privy:cmmqq01tq03120djyw0a9c8iq","Iran's steel export ban signals war economy","Tehran banned all steel exports effective April 26 after airstrikes hit production. Hoarding for missile and ship rebuild.","https://www.iranintl.com/en/202604285632","","https://files.edgestore.dev/8ga6zo21isn2c9s5/projects/_public/cmmqq02pn0006jp045qmey0wa/images156456.jpg","ACTIVE","0x7a82583978806e8c9b8044b45ef5c8dff4dae2b20cc01f245da8564fc7afb20a",1,"2026-04-29 20:06:03.566","2026-04-29 20:06:14.355",False,"","","cmn7yxntf0003lj04jnog1701",NULL,False,NULL,0,0,83
